id,coor
2,[-122.21940574   37.46958495]
3,[-121.66021547   37.15047594]
5,[-121.36171355   38.5544347 ]
6,[-121.94843241   38.36665327]
7,[-121.99610391   38.32584685]
8,[-122.64497177   38.26187655]
9,[-122.416533     37.78570262]
10,[-121.06001985   37.69417708]
11,[-121.97494123   37.76418646]
12,[-122.57882833   38.58127611]
13,[-121.2415853    38.75506963]
14,[-121.61330838   36.70545519]
16,[-121.92113123   36.61764269]
17,[-121.90947258   36.5881693 ]
20,[-122.418912     37.78791437]
21,[-122.43979      37.80245875]
23,[-122.03187529   38.25290014]
24,[-122.01247947   38.2496886 ]
25,[-121.9796351    38.34320795]
26,[-122.48730192   38.30574416]
27,[-122.7375043    38.46703491]
28,[-122.80197539   38.55273911]
30,[-122.2463301   37.7663485]
31,[-122.30601815   37.901185  ]
36,[-121.18947179   37.7990965 ]
37,[-122.070514     37.34550584]
38,[-121.48119058   37.20583966]
39,[-122.23845417   38.10527917]
40,[-122.01447281   38.26397281]
41,[-122.01407141   37.97743574]
42,[-121.93918714   37.73221593]
43,[-122.35259412   37.96146247]
44,[-122.3982935    37.72475442]
46,[-122.2972355    37.80742078]
47,[-122.16651369   37.746447  ]
48,[-121.46938958   38.58037808]
52,[-121.83531117   37.36806758]
55,[-122.3154709    37.94560713]
56,[-122.3736234    37.96161168]
57,[-122.32168117   37.95847917]
58,[-122.27344796   37.843259  ]
59,[-122.07389639   37.57010039]
60,[-122.05365444   37.57194544]
61,[-122.050945     37.56169995]
62,[-121.97688645   37.54503891]
63,[-121.98557065   37.53914815]
64,[-122.0087442   37.5372988]
65,[-121.97587063   37.51987644]
66,[-121.89675341   37.48634378]
69,[-121.84457822   36.60125422]
73,[-122.05216156   38.29282719]
74,[-121.8815286   37.3160018]
75,[-122.46411223   38.28085981]
76,[-122.59061478   38.2394685 ]
77,[-121.89277765   37.29441535]
78,[-122.38722722   37.72773878]
79,[-122.41942518   37.790887  ]
80,[-122.43822723   37.78142685]
81,[-122.4400614    37.74062223]
82,[-122.40654918   37.75195127]
83,[-122.86523788   38.61094153]
86,[-122.10147425   37.41009512]
87,[-122.09666635   37.41760035]
88,[-121.56548974   37.00267126]
89,[-122.00787143   36.9841656 ]
90,[-122.47701734   37.65096872]
91,[-122.25537967   37.51076555]
92,[-121.52432681   38.57168929]
93,[-121.7055615    38.54004868]
94,[-121.7641544   38.5531135]
96,[-122.28688242   37.86603633]
97,[-122.26718588   37.90049106]
98,[-122.2760425   37.801698 ]
99,[-122.23372574   37.794201  ]
100,[-122.33036289   37.9822573 ]
101,[-122.35316963   37.95459869]
102,[-122.32160154   37.93877086]
103,[-122.03002593   37.56278579]
104,[-122.00936808   37.55459388]
105,[-121.98566871   37.55096253]
107,[-122.25890742   37.76225767]
108,[-122.11005063   37.66779419]
109,[-122.29155535   37.9051078 ]
111,[-121.26782571   38.73577819]
113,[-122.43797589   37.77486511]
115,[-121.44434981   37.7145091 ]
116,[-122.23273952   37.476335  ]
117,[-122.44502811   37.70530084]
118,[-122.27974908   37.51372517]
119,[-122.25785407   37.4984025 ]
122,[-121.69086872   38.09910856]
123,[-122.02264938   37.33303877]
125,[-122.11577088   37.4065385 ]
126,[-121.51773494   38.60867356]
127,[-122.144917    37.4354766]
128,[-121.84720817   37.35521317]
131,[-121.87046646   37.32287238]
132,[-121.8439465    37.32011058]
133,[-121.85624358   37.31276608]
134,[-122.00237055   37.29940273]
135,[-121.94562931   38.2787159 ]
136,[-121.94347814   38.33207403]
137,[-121.98625694   38.37857921]
138,[-122.61891067   38.25354377]
141,[-122.70757011   38.403855  ]
142,[-122.72355519   38.46005043]
143,[-122.7067445   38.4484162]
146,[-122.30112887   38.311181  ]
147,[-123.2031009    39.13595966]
150,[-121.58228894   38.4307224 ]
151,[-122.27249089   37.80890678]
152,[-122.02222958   37.31491542]
153,[-122.00413505   37.33004016]
154,[-122.010273     37.35863281]
155,[-122.04281532   37.39076644]
156,[-121.83737224   37.25770135]
157,[-121.7646813    37.22305783]
158,[-121.63638505   36.710204  ]
159,[-121.69030021   36.71747106]
160,[-121.83985048   36.59184912]
165,[-122.4244947   37.7941523]
167,[-122.16620275   37.73216555]
168,[-122.16986713   37.68597079]
169,[-122.09472491   37.68069936]
170,[-121.83411196   37.2050757 ]
171,[-122.10529929   37.86900374]
172,[-121.87636809   36.96297348]
173,[-121.83865514   37.28883736]
174,[-121.81474553   37.31850768]
175,[-121.89315027   37.34730018]
176,[-121.89770884   37.3161016 ]
177,[-121.61627936   38.03130709]
178,[-121.78865192   37.67251192]
179,[-121.35901869   38.64735686]
181,[-122.25936753   37.81699182]
182,[-122.28827739   38.29594128]
184,[-121.89712546   37.32792081]
186,[-122.48534053   37.73789076]
187,[-121.84604581   37.26997556]
188,[-121.50604733   38.57589689]
191,[-122.35104111   37.96947961]
193,[-121.86115903   37.28907029]
194,[-122.265228     37.84162827]
195,[-121.91955873   37.48304153]
196,[-121.89020932   37.68073711]
198,[-121.7527539    37.68524986]
199,[-121.72495564   37.68944221]
204,[-121.64394462   36.70377256]
206,[-122.41296383   37.76879356]
207,[-122.42309915   37.75153462]
208,[-122.4138035    37.76112392]
209,[-122.40341932   37.71648358]
210,[-122.46749784   37.71344421]
211,[-122.47583367   37.78367678]
212,[-122.4050811   37.7956791]
215,[-121.75483932   36.92733524]
216,[-122.05711487   37.58414507]
217,[-121.9904949   37.5590555]
218,[-121.94370414   37.53182936]
219,[-121.99765079   37.54490857]
220,[-121.93139776   37.52254786]
221,[-121.89918045   37.66929085]
222,[-121.85998093   37.70590813]
223,[-121.74166259   37.675342  ]
224,[-121.79010021   37.6639815 ]
225,[-122.35330871   37.94165457]
229,[-121.28319656   37.83328922]
230,[-121.42331512   37.71067976]
231,[-121.43058387   37.74650144]
232,[-122.12836294   37.46376435]
233,[-122.45958964   37.62756216]
234,[-122.38475943   37.62079926]
235,[-121.88025614   37.33302243]
237,[-122.0253844   37.3855895]
238,[-122.03474278   36.95901056]
239,[-122.03130736   37.02066259]
240,[-121.78432372   36.95744969]
241,[-122.57202663   38.11057808]
242,[-122.54804533   37.99870833]
243,[-122.506893     37.96673406]
246,[-122.69431909   38.34797636]
247,[-121.6695575   36.6782125]
251,[-121.78954715   37.25094654]
252,[-121.9896193    36.98288748]
253,[-122.23599321   38.11662157]
254,[-122.70095423   38.368102  ]
262,[-122.7089775    38.43523986]
264,[-122.52240637   37.96034637]
268,[-122.029756    36.9759374]
269,[-122.15697945   38.07067195]
270,[-122.02999345   38.26482991]
272,[-121.8185292   37.347803 ]
273,[-121.82339887   37.2413362 ]
274,[-121.97706594   36.97716244]
275,[-122.22373725   38.10430467]
276,[-121.98119395   38.25793357]
277,[-122.17808107   37.72840157]
279,[-121.73145353   37.98364689]
280,[-122.03688763   37.97464837]
281,[-122.0286395    37.95440173]
282,[-122.0990054   37.8458706]
283,[-122.28380106   37.84682622]
284,[-122.258969     37.82921363]
285,[-122.30427582   37.81783039]
286,[-122.2850077   37.8056102]
287,[-122.22517562   37.789474  ]
288,[-122.15790814   37.69737105]
289,[-122.073556     37.63825482]
290,[-122.068416   37.585317]
291,[-122.48020005   37.98443192]
294,[-122.30266707   38.26032587]
295,[-122.30728272   38.29433311]
296,[-122.23935553   38.16016779]
297,[-121.83334259   38.45844265]
299,[-122.41599862   37.80210308]
300,[-121.8742428   37.3052226]
301,[-122.69754764   38.4604112 ]
302,[-122.38392741   37.73397506]
303,[-121.98162151   37.44151667]
304,[-122.05465087   37.4172796 ]
305,[-121.27441993   37.94853557]
306,[-122.00485658   37.39612583]
308,[-122.08350014   37.37867993]
309,[-121.76266092   37.23473767]
311,[-122.48589956   37.70354539]
312,[-121.96663014   36.97481782]
313,[-121.40362311   36.848219  ]
314,[-122.44696567   37.65569188]
315,[-122.23059464   37.48939691]
316,[-122.17190906   38.0939742 ]
321,[-122.26518787   37.79548031]
322,[-122.25367763   37.81363337]
323,[-122.295348     37.79755077]
324,[-121.93364382   37.56154539]
325,[-121.96233153   37.5287536 ]
326,[-121.97268107   37.53133727]
328,[-121.91005005   37.689188  ]
329,[-121.74776037   37.70960863]
330,[-121.76504119   37.69621474]
331,[-121.73241924   37.6962809 ]
332,[-122.14071843   38.02277771]
333,[-122.1314225   37.6815896]
334,[-122.0228195    37.96986272]
335,[-121.81674113   38.00058791]
338,[-122.24040629   37.55422114]
339,[-122.20847218   37.47988311]
342,[-121.38908541   38.04866611]
344,[-121.49111128   36.83294357]
345,[-122.07514939   37.40104556]
346,[-122.09752167   37.39744292]
347,[-122.1230514   37.4376682]
349,[-121.7838353    37.22961637]
351,[-121.86603408   37.33686342]
352,[-121.90988182   37.26031982]
353,[-121.78959173   37.32784273]
362,[-121.46991943   38.46235741]
365,[-121.96297235   37.04087056]
366,[-121.93828956   38.3949288 ]
367,[-122.73503541   38.2631323 ]
369,[-122.21534942   38.12836325]
370,[-122.20978294   38.10461047]
371,[-122.21534748   38.09314861]
372,[-122.23731246   38.124844  ]
374,[-121.02367805   37.69701775]
377,[-121.629746     36.66963847]
378,[-121.8297344    36.61255327]
380,[-121.946207     37.31706891]
382,[-121.96133386   37.53570193]
384,[-121.737298     38.54747657]
385,[-122.17959432   37.90400679]
386,[-122.24730384   37.74126579]
387,[-122.10818216   37.70568771]
388,[-122.19088758   37.71352724]
389,[-122.14032183   37.68560138]
390,[-121.89593613   37.23565208]
391,[-121.8676857   37.2695368]
392,[-122.07577977   37.62498038]
393,[-122.08283157   37.59620552]
394,[-122.18992821   37.48185957]
395,[-122.22529319   37.45399473]
396,[-121.88055433   37.35467073]
397,[-122.22327226   38.09483922]
398,[-122.24260331   38.14909431]
399,[-122.06600684   38.26701532]
400,[-122.04108008   38.26674331]
401,[-122.008484     38.26987155]
403,[-122.56400164   38.01779179]
406,[-121.38040363   36.84397267]
408,[-122.44994392   37.67626839]
409,[-122.48865108   37.65298412]
410,[-122.4671808    37.59243498]
414,[-121.5916696    37.93368541]
415,[-122.08267133   38.00100467]
416,[-122.05420068   37.92632203]
417,[-122.32288432   37.91678416]
418,[-121.87120856   37.43372067]
419,[-121.96703512   37.29742576]
420,[-122.04261177   36.98787166]
421,[-122.24886      38.10071729]
422,[-122.258886     37.77057633]
423,[-122.50764515   37.98192204]
431,[-122.25609005   37.87306391]
432,[-121.27779616   37.78431258]
433,[-122.30933844   37.55824131]
434,[-122.42331733   37.78745275]
435,[-122.07519567   37.57827483]
436,[-121.91496065   37.24326618]
437,[-122.00996673   37.30183513]
438,[-122.02299648   37.35561813]
439,[-122.01424159   38.28460576]
440,[-122.32844352   38.31156902]
442,[-123.80016814   39.44736369]
443,[-122.44063088   37.76478429]
445,[-122.4387057   37.778322 ]
446,[-122.22882558   37.80843687]
447,[-122.1420217    37.69734705]
448,[-122.01825253   37.57030205]
451,[-121.2999248    38.58758313]
452,[-122.42074409   37.79836091]
454,[-121.90507256   37.43876933]
455,[-121.98621583   37.32715956]
456,[-122.28038936   37.83905791]
457,[-122.27353641   37.82064888]
458,[-122.27093733   37.80009044]
459,[-122.24104264   37.79130536]
460,[-122.21124781   37.78073063]
461,[-122.18349131   37.75106088]
462,[-122.27180407   37.88840387]
463,[-122.26893464   37.86807691]
464,[-122.27527327   37.85003853]
465,[-122.06336262   37.69960217]
466,[-122.15524995   37.72340636]
467,[-122.11410331   37.69887154]
468,[-122.126273     37.67105647]
469,[-122.09381175   37.63584558]
470,[-122.07597647   37.58783635]
471,[-122.01288177   37.589721  ]
472,[-122.0231505   37.557816 ]
473,[-121.95088364   37.54578491]
475,[-122.06347437   37.90563911]
477,[-122.16748672   37.87980607]
478,[-122.26400773   38.00010708]
479,[-122.33398312   37.96656392]
480,[-122.34157718   37.93933364]
481,[-122.30237833   37.90972958]
485,[-121.71142982   37.94047247]
486,[-121.73370738   37.95273781]
487,[-121.90005638   38.01325408]
488,[-122.05607252   37.93862156]
489,[-122.00194633   37.963411  ]
495,[-122.428483     37.61964137]
496,[-122.2810778    38.31704405]
499,[-122.55981695   37.90951144]
503,[-121.65055817   36.66506583]
505,[-121.50217163   38.58248438]
513,[-121.45739784   38.63372747]
516,[-121.29769936   38.71052055]
517,[-121.31590569   38.69524188]
526,[-121.34097291   37.99559909]
528,[-122.343335     37.58499985]
529,[-122.2991147   37.532927 ]
530,[-122.1952371   37.474809 ]
531,[-122.18218993   37.4481576 ]
532,[-122.41107257   37.80652864]
533,[-122.40711864   37.79962257]
534,[-122.45180721   37.7887015 ]
535,[-122.45648967   37.77849244]
536,[-122.42257944   37.78309644]
537,[-122.42973656   37.77602133]
540,[-121.44044688   37.75772894]
541,[-122.47880765   37.68215987]
542,[-122.45172271   37.63956571]
543,[-122.44968064   37.6337825 ]
544,[-121.91484854   37.33232608]
545,[-121.88936725   37.34177433]
546,[-121.90987053   37.30902407]
547,[-121.88662717   37.25666139]
548,[-121.84946608   37.33348242]
549,[-121.84980894   37.29969944]
550,[-121.83131167   37.33997433]
551,[-121.84498936   37.34997364]
552,[-121.8413663   37.3653341]
553,[-121.85959795   37.40936847]
554,[-122.0044438    37.40196035]
555,[-121.94835116   37.38460411]
556,[-121.97416618   37.3464    ]
557,[-122.00003109   37.28218553]
558,[-122.04523621   37.34386857]
559,[-122.04082427   37.375711  ]
560,[-122.0570026   37.3790469]
561,[-122.07427679   37.38613929]
562,[-122.11107838   37.41487992]
563,[-121.87719109   37.23022382]
564,[-121.82362808   37.2551345 ]
565,[-121.77183169   37.22992144]
566,[-121.85483965   37.24310394]
567,[-121.64368437   37.13480375]
568,[-121.58386991   37.02567987]
569,[-121.57795563   37.0055035 ]
570,[-122.20850383   38.11403606]
571,[-122.23692114   38.09627371]
572,[-122.01496356   38.27725078]
573,[-122.04226145   38.25404091]
577,[-122.80986717   38.70789336]
583,[-120.86941044   37.53321387]
586,[-121.74542265   38.54954835]
587,[-121.76510964   38.68398118]
590,[-122.2518135    37.80168667]
591,[-122.23789378   37.80058011]
592,[-122.22655014   37.78230329]
593,[-122.21525342   37.78295325]
594,[-122.19294747   37.77752167]
595,[-122.18415908   37.73397938]
596,[-122.25892693   37.89140271]
597,[-122.29682825   37.8741885 ]
598,[-122.25767973   37.85411673]
599,[-122.23115847   37.76359647]
600,[-122.25124787   37.7605876 ]
601,[-122.08436147   37.706221  ]
602,[-122.067788     37.68683352]
603,[-122.10699568   37.68244226]
604,[-122.07962085   37.65784423]
605,[-122.095064    37.6539735]
606,[-122.07932336   37.64370855]
607,[-122.06997589   37.64400967]
608,[-122.28008856   37.80425211]
609,[-122.27649177   37.81069408]
610,[-122.2666418   37.8069588]
611,[-122.25913158   37.81139067]
612,[-122.25321853   37.82297073]
613,[-122.21273287   37.8056218 ]
614,[-122.06685925   37.59372325]
615,[-122.0178575    37.58084663]
616,[-121.94664419   38.02395819]
617,[-122.07192556   37.98104103]
618,[-122.0344421    37.99298845]
619,[-121.98683967   37.96949267]
620,[-122.04450894   37.95610822]
621,[-122.05809989   37.89058678]
622,[-121.9496904    37.74673575]
623,[-121.97724252   37.74514858]
624,[-122.10351421   37.88947462]
625,[-122.30915603   38.00271631]
627,[-122.3095229    37.97533462]
628,[-122.31004436   37.90717714]
629,[-122.42468157   37.768213  ]
636,[-121.75164956   37.97344272]
637,[-121.77508137   38.01118629]
638,[-121.89523918   38.02699782]
641,[-122.42002973   37.79475145]
642,[-122.40619483   37.79350433]
643,[-122.41987514   37.78546657]
644,[-122.41284938   37.784141  ]
645,[-122.42765071   37.802183  ]
646,[-122.44759591   37.77045845]
647,[-122.44604071   37.76520676]
648,[-122.431283     37.75964621]
649,[-122.43986593   37.74840771]
650,[-122.4024515    37.76144617]
651,[-122.4122873   37.7558248]
652,[-122.41251116   37.73227384]
653,[-122.43602309   37.71813855]
659,[-122.44506639   37.72967596]
660,[-122.48366906   37.76012912]
661,[-122.48094629   37.72743293]
662,[-122.50655256   37.76167011]
663,[-122.48141818   37.78285773]
664,[-122.49276457   37.77648429]
665,[-122.42081814   37.71050514]
666,[-122.50285357   37.78320407]
669,[-121.24505006   37.95427072]
675,[-122.415295     37.70442836]
676,[-122.46668247   37.69825588]
677,[-122.48529737   37.67508353]
678,[-122.43387864   37.61774368]
679,[-122.36461978   37.58138706]
680,[-122.31991478   37.56537874]
681,[-122.30562105   37.52795495]
682,[-122.30337708   37.56585246]
683,[-122.26184825   37.56155392]
684,[-122.28288857   37.53170914]
685,[-122.2768195    37.48870333]
687,[-121.9218815   37.3407632]
688,[-121.87421954   37.33871446]
690,[-121.43562124   38.57918818]
694,[-121.4725921   38.5742937]
695,[-121.92207329   37.319244  ]
696,[-121.90948171   37.30015847]
697,[-121.92624774   37.27340178]
698,[-121.88671174   37.27747495]
699,[-121.85435973   37.27784507]
700,[-121.81640648   37.29342476]
701,[-121.78174463   37.3123215 ]
702,[-121.83388933   37.3360908 ]
703,[-121.85397546   37.35836015]
705,[-121.492711    38.6318307]
707,[-121.53314336   38.608506  ]
715,[-121.83422564   37.3551205 ]
716,[-121.88783765   37.3783417 ]
717,[-121.86619173   37.3934788 ]
718,[-121.88069      37.40977643]
719,[-121.90258667   37.451399  ]
720,[-121.98734328   37.34824122]
721,[-121.98438704   37.33405561]
722,[-121.97211344   37.31278994]
723,[-121.95584981   37.28444194]
724,[-121.93472007   37.24019385]
725,[-122.02215996   37.27463796]
729,[-121.37041225   38.557835  ]
738,[-122.03675212   37.34383071]
739,[-121.99963431   37.35485592]
740,[-122.05087992   37.378711  ]
741,[-122.08340124   37.40553   ]
742,[-122.12770725   37.41676733]
743,[-122.15582667   37.44332758]
744,[-122.11332815   37.30392812]
745,[-121.85637947   37.21337206]
746,[-121.82524062   37.26403887]
747,[-121.59127742   37.02519895]
748,[-122.04094482   36.96995159]
749,[-122.22434177   38.08273119]
750,[-122.25854905   38.12771567]
751,[-122.18108846   38.07990565]
752,[-121.92398407   38.34550122]
753,[-121.96613613   38.34200481]
754,[-121.97513089   38.39538107]
755,[-122.45279787   38.28689053]
756,[-122.61485187   38.2385228 ]
757,[-122.69127685   38.4437207 ]
758,[-122.71248628   38.45816989]
761,[-122.32055918   38.32284455]
762,[-122.26258819   38.160271  ]
764,[-122.74810289   38.47985407]
765,[-122.75813145   38.44077523]
767,[-122.81162375   38.5548665 ]
768,[-122.80882572   38.54557067]
770,[-123.37006861   39.25133554]
771,[-123.2891354    39.11204545]
776,[-121.92815011   36.60392022]
777,[-122.97333606   38.61405286]
783,[-121.66044815   36.70365038]
784,[-121.615994     36.67507947]
786,[-121.90803832   36.60472296]
787,[-121.83153958   36.60462092]
788,[-121.60349209   36.66222627]
791,[-122.29192777   38.31702146]
793,[-121.26501017   37.46031707]
798,[-122.3749688    38.29195941]
800,[-122.22503923   38.43725964]
804,[-121.53287047   38.57636933]
805,[-122.14277467   37.72733833]
806,[-122.17975679   38.76088286]
808,[-122.28026054   37.82362231]
809,[-122.24890423   37.817374  ]
810,[-122.21555409   37.79600764]
811,[-122.19636341   37.75824959]
812,[-122.26950371   37.87532829]
813,[-122.260054     37.86364956]
814,[-122.11153058   37.69288595]
815,[-122.10209329   37.62953957]
816,[-121.85474609   37.6846737 ]
817,[-122.2730637    37.52642752]
818,[-122.21372232   37.48386624]
820,[-121.88991088   37.284316  ]
821,[-121.81103333   37.35492242]
822,[-121.881148     37.43209227]
823,[-121.961754   37.338055]
824,[-121.97021235   37.26403153]
826,[-121.72928338   37.99842881]
827,[-121.710345     37.90781752]
828,[-121.76812286   37.98748936]
829,[-122.03831993   37.31143133]
830,[-122.10644508   37.40199554]
831,[-121.86899665   37.21183906]
832,[-121.8523936    37.26174533]
834,[-122.54534532   38.21878464]
837,[-121.00371654   37.62157469]
840,[-122.31316247   38.30549087]
841,[-122.26216516   38.17290826]
842,[-121.47597958   38.56825192]
843,[-122.26048345   37.86668164]
846,[-121.66435007   36.67051029]
847,[-121.65689616   36.39830519]
849,[-122.28960709   38.28683082]
850,[-121.27450069   38.72329669]
852,[-121.46341164   38.503789  ]
854,[-121.44069986   38.64292581]
855,[-121.347604     38.65761974]
858,[-122.44282744   37.71948722]
859,[-122.48054275   37.74688992]
860,[-122.48398233   37.77465978]
862,[-121.43206636   37.73345445]
863,[-122.28154418   37.81648882]
864,[-122.1104745   37.661479 ]
865,[-122.0793837    37.87323841]
866,[-122.41483527   37.79627882]
867,[-122.43508543   37.78508543]
868,[-122.43826818   37.75333945]
869,[-121.95791529   37.96072271]
870,[-122.74332618   38.14273687]
875,[-121.82359848   37.33198257]
876,[-121.83590506   37.27214118]
877,[-122.27007356   38.12198887]
880,[-121.4713148    38.54887727]
881,[-122.11882757   37.42016807]
883,[-122.22199781   38.11823569]
884,[-121.84075636   36.611216  ]
885,[-122.257797     37.84751913]
886,[-122.26390105   37.83067705]
887,[-122.28966385   37.88129   ]
888,[-122.10230892   37.66325692]
889,[-121.96177123   37.51707546]
891,[-121.89520025   38.02142658]
892,[-121.950806     37.75506235]
893,[-122.34669985   37.97505545]
896,[-121.57601607   36.67851841]
897,[-121.87725722   36.58257311]
898,[-121.47067343   38.519677  ]
904,[-122.02221733   37.39115183]
905,[-122.41417629   37.79057514]
906,[-122.43182507   37.79735093]
907,[-122.44748018   37.77854424]
908,[-122.3956316   37.7627099]
909,[-122.49948765   37.75706705]
910,[-122.50720728   37.77704333]
911,[-121.28505771   37.9534841 ]
915,[-122.4349376   37.6663812]
916,[-121.92186507   37.30324329]
917,[-121.87836377   37.29862069]
918,[-121.86353112   37.41729275]
919,[-121.98230478   37.36062572]
920,[-122.06004004   37.39095036]
921,[-121.81302636   37.24033218]
922,[-122.60884115   38.24451362]
923,[-121.03332492   37.65676885]
924,[-120.9809577    37.62057152]
926,[-121.49266845   38.56514064]
927,[-122.10920729   37.42621324]
929,[-121.85526927   37.40277747]
930,[-121.96416213   37.31974088]
931,[-122.0445754    37.32974727]
935,[-122.23407369   37.45642992]
936,[-121.90627926   37.27782409]
937,[-122.29736146   37.89442662]
938,[-122.07471056   37.16113621]
939,[-122.23342762   37.75927076]
940,[-122.10238025   37.647451  ]
941,[-122.85668286   38.62039226]
945,[-122.70732418   38.34191124]
946,[-122.66949316   38.43518196]
948,[-121.7629321    36.65938162]
949,[-122.23272495   37.81210035]
950,[-122.59236961   37.92360066]
951,[-121.75138464   38.66940073]
953,[-122.00503204   37.94310623]
954,[-122.33824724   37.95670312]
957,[-122.04177766   37.60177641]
958,[-122.04713408   37.56521258]
959,[-121.9440868    37.70864947]
963,[-122.41280456   37.78869011]
964,[-122.44185067   37.79771525]
965,[-122.39613608   37.73247192]
967,[-122.4917394    37.76044233]
968,[-122.4841973   37.7786262]
969,[-121.26021672   37.95240444]
973,[-121.44480357   37.74407257]
974,[-122.25185486   37.5581575 ]
975,[-121.87355928   37.28584591]
976,[-122.14632414   37.7154875 ]
977,[-121.7886484   37.3023512]
980,[-121.91882914   37.71153895]
981,[-121.88264348   37.65705848]
982,[-121.86626865   37.6597967 ]
983,[-121.8651156    37.69754265]
984,[-121.78923409   37.64975064]
985,[-121.81450254   37.68935989]
986,[-121.80030053   37.66635518]
1011,[-121.67068243   37.99410486]
1012,[-121.58391113   37.90820323]
1013,[-121.80030194   38.0064765 ]
1014,[-121.83615142   37.99000475]
1015,[-121.87096923   38.0385321 ]
1016,[-121.92699828   38.01115746]
1017,[-121.94716775   38.03638519]
1018,[-122.12751796   38.01702371]
1019,[-122.10420467   38.02189269]
1020,[-122.11239667   37.97128684]
1021,[-122.08989175   37.93430569]
1022,[-121.98687658   37.95238481]
1023,[-122.03428122   37.96747594]
1024,[-122.04376329   37.948438  ]
1025,[-122.08743626   37.91242034]
1026,[-122.04476139   37.89409235]
1027,[-121.92724064   37.74027109]
1028,[-121.97226347   37.8623433 ]
1029,[-121.9864795    37.82160986]
1030,[-122.25561584   37.84097516]
1031,[-122.1324763    37.90534586]
1032,[-122.13798846   37.87768752]
1033,[-122.0687803    37.85642243]
1034,[-122.1062145    37.82398577]
1035,[-122.15737519   37.82828733]
1036,[-122.18038356   37.85683306]
1037,[-121.93039118   37.95167591]
1038,[-122.22972427   38.02102176]
1039,[-121.84301689   37.93752613]
1040,[-121.80207362   37.94518058]
1041,[-121.79466677   37.97690004]
1042,[-121.90486259   37.80530824]
1043,[-121.8837318    37.77034773]
1044,[-121.97535422   37.99566668]
1045,[-122.25768985   37.81533046]
1046,[-122.25193907   37.8096424 ]
1047,[-122.31653948   37.92312356]
1048,[-122.23043795   37.86397472]
1049,[-122.25049376   37.84753165]
1050,[-122.25264426   37.98368477]
1051,[-122.3391085    37.94859954]
1052,[-122.35956116   37.93344196]
1053,[-122.24346424   37.80466076]
1054,[-122.28488664   37.90716192]
1056,[-122.25853008   37.80488854]
1057,[-122.23874713   37.84509987]
1058,[-122.2009829    37.83453693]
1059,[-122.2434115    37.79908417]
1060,[-122.2293703   37.7750141]
1061,[-122.27371638   38.02449714]
1062,[-122.2167501   37.787912 ]
1063,[-122.212099     37.76230158]
1064,[-122.20384256   37.77695133]
1065,[-122.18432277   37.80428341]
1066,[-122.20718312   37.73012153]
1067,[-122.17218437   37.73772432]
1068,[-122.28966625   37.80937742]
1069,[-122.309354    37.8930623]
1070,[-122.29530083   37.88735633]
1071,[-122.27062      37.88217358]
1072,[-122.2874379   37.8729444]
1073,[-122.24997927   37.86811553]
1074,[-122.2935441   37.8645435]
1079,[-122.24548393   37.855399  ]
1080,[-122.30029972   37.8391455 ]
1081,[-122.28969686   37.84364071]
1082,[-122.24853487   37.77575842]
1083,[-122.23925311   37.75482942]
1084,[-122.27296074   37.76698879]
1085,[-122.02833928   37.72122786]
1086,[-122.07818039   37.69326283]
1087,[-122.14683436   37.73685777]
1088,[-122.15689919   37.73292644]
1089,[-122.1682615    37.71862229]
1090,[-122.17416794   37.72377461]
1093,[-122.12388004   37.72117893]
1094,[-122.13313863   37.70356354]
1095,[-122.13831785   37.70850815]
1096,[-122.15568388   37.68428318]
1097,[-122.11316823   37.68778152]
1098,[-122.12478552   37.69882548]
1099,[-121.97522753   37.64455812]
1100,[-122.11266288   37.6761546 ]
1101,[-122.14736937   37.67211567]
1102,[-122.06834522   37.65951052]
1103,[-122.0809098    37.63595813]
1104,[-122.02949167   37.62105377]
1105,[-121.98690756   37.62090467]
1106,[-122.07402885   37.60584545]
1107,[-122.04505414   37.5430965 ]
1111,[-122.54215751   38.13594806]
1113,[-122.64492104   38.11629038]
1114,[-122.494047     38.04868367]
1115,[-122.52091469   38.0277154 ]
1116,[-122.67223883   38.01553252]
1117,[-122.56542744   37.97471915]
1118,[-122.55000263   37.94786882]
1119,[-122.53577039   37.93646878]
1120,[-122.50163954   37.93035861]
1121,[-122.54826376   37.89476133]
1128,[-121.492301     38.47580284]
1132,[-121.39053105   38.55054105]
1133,[-121.47749664   38.58945541]
1135,[-123.14252987   39.13055388]
1144,[-121.61077227   36.684691  ]
1146,[-121.49062564   38.57628079]
1148,[-121.46404793   38.5537182 ]
1152,[-121.67794      36.66990869]
1153,[-121.656932     36.68781059]
1154,[-121.74466117   36.74497798]
1155,[-121.75607352   36.76601181]
1156,[-121.65159783   36.728706  ]
1157,[-121.65455576   36.72598195]
1158,[-121.60112133   36.6896685 ]
1159,[-121.61534641   36.69263288]
1160,[-121.62191815   36.69384788]
1161,[-121.63345155   36.5502201 ]
1162,[-121.50714968   36.49196075]
1170,[-121.92273894   36.55923976]
1171,[-121.94504157   36.58839068]
1172,[-121.91255764   36.62244414]
1173,[-121.90459687   36.61097393]
1174,[-121.78511186   36.67077953]
1177,[-121.219328     38.77868332]
1180,[-122.36925956   38.39371583]
1181,[-121.951006     37.39727354]
1182,[-121.63723298   36.65419912]
1183,[-122.29844795   38.29351943]
1184,[-122.25947647   38.28868806]
1185,[-122.28590495   38.30357029]
1186,[-122.34481249   38.30999744]
1192,[-122.42363254   38.55330828]
1194,[-121.2391682    38.76455792]
1201,[-122.09214336   38.29298369]
1202,[-122.18276615   38.24501964]
1203,[-122.05929508   38.27457737]
1204,[-122.02574773   38.30029048]
1205,[-121.97840005   38.29626881]
1206,[-122.0653073    38.23091027]
1207,[-121.9527664   37.5189769]
1208,[-121.35919209   38.00068282]
1209,[-122.25658307   37.44516029]
1210,[-122.36013135   37.4462464 ]
1211,[-122.16056816   37.4618162 ]
1212,[-122.04950157   38.26489879]
1213,[-122.02085486   38.265996  ]
1214,[-121.95093525   38.14553101]
1215,[-121.94550221   38.27302309]
1216,[-121.94403012   38.3402645 ]
1217,[-121.96534      38.32442164]
1218,[-121.94079772   38.32153377]
1219,[-121.97203208   38.37505717]
1220,[-121.91598048   37.27394997]
1221,[-121.03795887   37.67616527]
1222,[-121.94183662   37.25792886]
1223,[-122.4537492   38.1184023]
1224,[-122.6473046    38.27419767]
1225,[-122.64754335   38.2500805 ]
1226,[-122.67212742   38.25175203]
1227,[-122.63013702   38.34434348]
1230,[-120.94001291   37.5643655 ]
1231,[-120.94236645   37.48888518]
1232,[-121.9024651    37.34767955]
1233,[-121.92766244   37.32824407]
1234,[-121.87050636   37.35130579]
1235,[-121.85897791   37.342258  ]
1236,[-121.88686016   37.32365768]
1237,[-121.90903167   37.31779829]
1238,[-121.1572491    37.67582516]
1241,[-121.81451129   37.28097776]
1243,[-121.82078837   37.31274369]
1244,[-122.4095359   37.7946578]
1245,[-122.4122101   37.7870404]
1246,[-122.41814124   37.77965224]
1247,[-122.43140021   37.80048214]
1248,[-121.80139553   37.31814168]
1249,[-121.78720288   37.3065382 ]
1250,[-121.80991964   37.301344  ]
1251,[-121.83824696   37.32923939]
1252,[-121.83911108   37.34583862]
1253,[-121.86204375   37.3646085 ]
1254,[-121.84458795   37.37774555]
1255,[-122.72644707   38.42703103]
1257,[-122.42707664   37.792539  ]
1258,[-122.43854227   37.79385053]
1259,[-122.44162886   37.78975086]
1260,[-122.4398487   37.7867919]
1261,[-122.45065324   37.78439418]
1262,[-121.85951315   37.32591275]
1263,[-122.68599361   38.40650235]
1264,[-122.65934483   38.39421827]
1265,[-122.42353867   37.72887386]
1266,[-122.66560698   38.45086457]
1267,[-122.74756484   38.53124537]
1268,[-122.75879885   38.46156174]
1269,[-121.89882746   37.42116081]
1270,[-121.91554506   37.44992967]
1271,[-122.40526963   37.72842444]
1272,[-122.429021     37.71990938]
1273,[-122.45429271   37.7116    ]
1274,[-121.82713183   37.35932039]
1275,[-122.48575531   37.78672094]
1276,[-122.42914085   37.77977469]
1277,[-122.42373218   37.77748055]
1278,[-122.43144775   37.76788592]
1279,[-122.40853715   37.77695077]
1280,[-122.42995277   37.76515585]
1281,[-122.42377527   37.75937355]
1282,[-122.426613     37.74552208]
1283,[-121.7849958    37.37394081]
1284,[-121.87793664   37.38379779]
1285,[-121.87103909   37.40363182]
1286,[-121.8761388    37.42242327]
1287,[-121.90706523   37.45844492]
1288,[-122.84092883   38.41188908]
1289,[-122.88173124   38.41789258]
1290,[-123.00369389   38.53112323]
1291,[-122.47609367   37.77735008]
1292,[-122.464495     37.79534969]
1293,[-122.4695651    37.75608748]
1294,[-122.45238518   37.75142425]
1295,[-122.45024472   37.73810248]
1296,[-122.4807997   37.762484 ]
1297,[-122.47835947   37.71668065]
1298,[-122.46172409   37.78557773]
1299,[-122.39386143   37.77266413]
1300,[-122.47302061   37.7698052 ]
1301,[-121.32768935   37.96736694]
1302,[-121.96518943   37.40068114]
1303,[-121.94520989   37.41438644]
1304,[-121.95901577   37.36533241]
1305,[-121.9347426   37.3470989]
1306,[-121.98809678   37.36831991]
1307,[-121.96133244   37.34642033]
1308,[-121.94154278   37.33324594]
1309,[-121.98395455   37.3208348 ]
1310,[-121.95793689   37.29809489]
1311,[-121.98704823   37.27986415]
1313,[-123.09819497   38.769236  ]
1318,[-121.25676331   37.96820162]
1320,[-121.2891188    37.92885855]
1321,[-121.30700477   37.92080829]
1322,[-121.2355381   37.9644145]
1326,[-121.35938369   37.98122134]
1329,[-121.97993825   37.27066392]
1330,[-121.93595893   37.22725725]
1331,[-121.97737956   37.23788629]
1332,[-121.98284749   37.25518459]
1333,[-122.05513822   37.32124369]
1334,[-122.01911075   37.30368694]
1335,[-122.01080456   37.31567688]
1336,[-122.02603813   37.34401948]
1337,[-122.057058     37.36265268]
1338,[-122.00807296   37.36931296]
1339,[-122.00458173   37.3906908 ]
1343,[-121.03260102   37.62962731]
1344,[-121.01763732   37.63035814]
1350,[-121.00387424   37.61046955]
1356,[-121.47639636   38.15991893]
1357,[-122.07661684   37.35924977]
1358,[-122.13216495   37.40927809]
1359,[-122.13027736   37.42631257]
1360,[-122.16333482   37.44906771]
1361,[-122.12615764   37.37625755]
1363,[-122.16420925   37.40817889]
1369,[-121.50759413   38.6182544 ]
1371,[-121.57407693   38.69769202]
1373,[-121.39510637   38.64073586]
1381,[-121.86978117   37.19884554]
1385,[-121.8081047    37.19734127]
1386,[-121.81693244   37.24853506]
1387,[-121.81103972   37.23099189]
1388,[-121.81428743   37.26705557]
1390,[-121.34268395   38.66878   ]
1396,[-121.63046293   37.11151286]
1397,[-121.65494365   37.11629665]
1398,[-121.66447018   37.12484036]
1399,[-121.57128479   36.98652508]
1401,[-121.30324755   37.82308541]
1403,[-121.43549568   37.71861384]
1404,[-121.421808     37.75245453]
1405,[-121.44435062   37.73386462]
1406,[-121.83627348   37.23758814]
1407,[-121.73342312   37.17671193]
1408,[-121.6734414    37.11864317]
1409,[-121.62098173   37.15502671]
1410,[-121.23976947   38.62681311]
1412,[-121.27695086   38.607762  ]
1415,[-121.32631619   38.56540506]
1417,[-121.31761686   38.57216782]
1418,[-121.34150085   38.55596731]
1424,[-122.05795403   36.98944348]
1425,[-122.00398272   36.97172744]
1426,[-121.76988115   36.92217363]
1429,[-121.78214569   36.93177254]
1431,[-122.05975639   37.02809178]
1432,[-122.01218829   37.07827397]
1437,[-122.46241077   37.7048225 ]
1438,[-122.47885835   37.69249561]
1439,[-121.99102995   37.02837269]
1440,[-121.75117689   36.94957651]
1441,[-121.6848586    36.93674823]
1442,[-121.39927472   38.31490052]
1443,[-122.46978409   37.66954086]
1444,[-121.33984477   36.8883601 ]
1445,[-121.38991085   36.85449794]
1446,[-122.41967828   37.66913787]
1447,[-122.40702833   37.66195233]
1448,[-122.41850842   37.65661889]
1449,[-122.40696738   37.65050192]
1450,[-122.48378761   37.65869377]
1451,[-122.48441503   37.63569934]
1452,[-122.48221783   37.61812153]
1453,[-122.32411054   37.54025479]
1454,[-122.29957584   37.546162  ]
1455,[-122.30311036   37.5702206 ]
1456,[-122.48681713   37.58269379]
1457,[-122.41569286   37.61281586]
1458,[-122.40664975   37.59398721]
1459,[-122.37934129   37.58159735]
1460,[-122.33536107   37.57221514]
1461,[-122.32195422   37.57283006]
1462,[-122.20666062   37.77163385]
1463,[-122.26955646   37.54239696]
1464,[-122.28962578   37.5361905 ]
1465,[-122.18741365   38.12949028]
1467,[-122.30320479   37.50376477]
1468,[-122.2785939    37.50176248]
1469,[-122.25310955   37.47172662]
1470,[-122.22584547   37.47137147]
1471,[-122.25462772   37.45945006]
1472,[-122.17007767   37.47363678]
1473,[-122.12949684   37.47685082]
1475,[-122.20035476   38.0897002 ]
1476,[-122.20354979   38.07447471]
1477,[-122.26256713   38.11060867]
1478,[-122.27798375   38.14961519]
1479,[-121.77739343   38.53756413]
1481,[-122.12082619   38.10249612]
1482,[-121.75858141   38.57116171]
1484,[-122.0615539   37.6266376]
1488,[-121.75568203   38.67874299]
1492,[-122.02295144   37.60049944]
1495,[-121.98965171   36.96555257]
1498,[-122.28121468   37.83279058]
1499,[-122.26636222   37.78041761]
1504,[-122.29469667   37.83877873]
1505,[-121.72851336   37.68400536]
1510,[-122.2846938    37.77763967]
1511,[-122.25939127   37.85866336]
1512,[-122.26817816   37.85103958]
1513,[-122.30195218   37.86424885]
1514,[-122.27824292   37.87448867]
1515,[-122.26043992   37.87774233]
1516,[-122.28383108   37.85777342]
1517,[-122.26978894   37.77145319]
1518,[-122.281586     37.85022581]
1519,[-122.15231013   37.74711433]
1520,[-122.15596081   37.74529844]
1521,[-122.16284562   37.74105269]
1522,[-122.29130606   37.895304  ]
1523,[-122.28737978   37.88701857]
1524,[-122.2819841   37.8901429]
1525,[-122.27803467   37.88111133]
1526,[-122.24179819   37.81478362]
1527,[-122.24961113   37.8297866 ]
1528,[-122.21658641   37.84711549]
1529,[-122.21712324   37.82761629]
1530,[-122.18936442   37.82090878]
1531,[-122.22058568   37.80545895]
1532,[-122.24982208   37.79685292]
1533,[-122.24600855   37.79351673]
1534,[-122.25058952   37.78786571]
1535,[-122.23133307   37.7854834 ]
1536,[-122.2220186    37.79512313]
1537,[-122.20831723   37.79307154]
1538,[-122.21905294   37.77855529]
1539,[-122.18519748   37.78914457]
1540,[-122.17570069   37.77481206]
1541,[-122.18870777   37.7691825 ]
1542,[-122.18853837   37.75405653]
1543,[-122.17301339   37.75306667]
1544,[-122.16679394   37.75615863]
1545,[-122.25490009   38.00762064]
1546,[-122.28576911   37.98099178]
1547,[-122.31701962   37.99438356]
1548,[-122.070888   37.63564 ]
1549,[-122.03895576   37.61912747]
1550,[-122.0605025    37.61758855]
1551,[-122.04818118   37.59178282]
1552,[-122.02920018   37.59005245]
1553,[-122.08599096   37.58000512]
1554,[-122.0043553    37.57138274]
1555,[-122.04006152   37.57494562]
1556,[-122.03948586   37.58217957]
1557,[-122.00856726   37.48945046]
1558,[-121.76408889   37.67322015]
1559,[-122.27763067   37.79582417]
1562,[-121.96498595   37.5536327 ]
1563,[-122.00526808   37.54835238]
1564,[-121.92774173   37.50840253]
1565,[-121.90486212   37.52724248]
1566,[-121.91318306   37.47292769]
1567,[-122.03580175   37.54974287]
1568,[-122.05504533   37.51140802]
1570,[-121.9369202    37.65226251]
1571,[-122.0605939    37.95256642]
1574,[-121.887489     37.70598707]
1575,[-121.931554     37.71079691]
1577,[-122.30119407   37.78541739]
1578,[-121.80277185   37.5744549 ]
1582,[-122.09401851   37.7597801 ]
1583,[-122.10640074   37.72207618]
1584,[-122.09744707   37.70404223]
1585,[-122.08204406   37.69858675]
1586,[-122.04628829   37.65476288]
1587,[-122.03541322   37.63695224]
1588,[-121.83766134   37.66113051]
1589,[-121.84872256   37.71944571]
1590,[-121.66804142   37.59432604]
1592,[-122.10127215   37.98833727]
1594,[-122.09231894   37.66701019]
1595,[-122.08538657   37.65127279]
1596,[-122.11289564   37.64211371]
1597,[-122.08795167   37.64276642]
1598,[-122.09472882   37.97598876]
1599,[-122.0715756   37.9516228]
1602,[-122.16045195   38.01956391]
1603,[-122.12193006   38.00609188]
1604,[-122.05684372   37.97944926]
1605,[-122.02406388   37.990246  ]
1606,[-121.99989938   37.98134095]
1608,[-122.08412856   37.88465398]
1609,[-122.03805873   37.90351482]
1610,[-121.67390354   37.93517961]
1612,[-121.71864321   38.01631638]
1613,[-122.05200308   37.86908418]
1614,[-122.04107668   37.96658226]
1615,[-122.01732929   37.95845421]
1616,[-122.04640181   37.94168748]
1617,[-122.031679     37.93062733]
1618,[-122.04795353   37.92001278]
1619,[-122.01875208   37.9076858 ]
1620,[-121.60411276   37.84738023]
1621,[-121.60822306   37.90588894]
1622,[-121.82774854   38.01403487]
1623,[-121.83162119   37.99472563]
1624,[-121.79682483   37.99054497]
1625,[-121.86753085   38.01410631]
1626,[-121.88202548   38.0047971 ]
1627,[-122.03220774   37.88742754]
1628,[-121.97730576   37.79509228]
1629,[-122.427563     37.72638542]
1630,[-122.41054242   37.72269605]
1631,[-121.92815611   37.76575067]
1632,[-121.96412898   37.79760022]
1633,[-121.9917758   37.7816225]
1634,[-122.03410218   37.83451005]
1635,[-121.96599562   37.84524671]
1636,[-121.92687658   38.01680335]
1637,[-121.91641463   38.03213062]
1638,[-121.96843281   38.04244622]
1639,[-122.4395932    37.71386427]
1640,[-121.95375006   37.82129581]
1641,[-121.91668212   37.76561896]
1642,[-121.89382715   37.74720285]
1643,[-121.96693105   37.93839144]
1644,[-122.21278363   37.95148814]
1645,[-122.28548136   38.01406468]
1646,[-122.420209     37.73419255]
1647,[-122.44458916   37.70968111]
1648,[-122.45589481   37.75852948]
1649,[-122.4678544   37.7630497]
1650,[-122.47017735   37.7521236 ]
1651,[-122.33033759   37.940684  ]
1652,[-122.35525761   37.94857133]
1653,[-122.38821824   37.94020978]
1654,[-122.34230854   37.91218204]
1655,[-122.3350515   37.9309025]
1656,[-122.29559597   37.92382881]
1657,[-122.30678954   37.91712415]
1658,[-122.29807023   37.901644  ]
1659,[-122.2763025    37.90971877]
1660,[-121.82756408   37.343669  ]
1664,[-121.29506833   38.72856686]
1674,[-122.4158068   37.7831439]
1677,[-122.43170375   37.80682763]
1682,[-122.43895645   37.7695572 ]
1685,[-122.23788173   37.73884263]
1686,[-122.39929405   37.7996886 ]
1687,[-122.4102145   37.7991445]
1688,[-122.41344182   37.79317745]
1689,[-122.40492925   37.79031606]
1690,[-122.40991622   37.79108678]
1691,[-122.4119478   37.7857339]
1692,[-122.41090937   37.77969947]
1694,[-122.4018235    37.78211563]
1695,[-122.330981     37.78442025]
1696,[-122.44405416   37.75899326]
1697,[-122.44520755   37.75230697]
1698,[-122.41915331   37.75949554]
1699,[-122.43042475   37.75426508]
1700,[-122.42940773   37.74938673]
1701,[-122.4384641    37.74533548]
1702,[-122.42986705   37.7373654 ]
1703,[-122.40624614   37.7592165 ]
1704,[-122.41074667   37.75142556]
1705,[-122.40207273   37.73425667]
1706,[-122.41446817   37.74389213]
1707,[-122.421551   37.737591]
1708,[-121.28845082   37.81844945]
1710,[-122.48704271   37.73213933]
1712,[-121.2247007    37.78282541]
1713,[-121.49538729   37.7177624 ]
1714,[-121.36569967   37.78542271]
1715,[-121.44378527   37.75061373]
1717,[-121.2852573    37.71918056]
1718,[-122.47975512   37.71931406]
1719,[-121.4738349    37.60236488]
1720,[-122.50479538   37.74204762]
1721,[-122.16575511   37.4877005 ]
1722,[-122.46923485   37.78456731]
1723,[-122.42191493   37.6224175 ]
1724,[-122.14601352   37.46702667]
1725,[-122.18608226   37.44370142]
1726,[-122.19416111   37.43507126]
1727,[-122.21049658   37.47226242]
1728,[-122.40988517   37.62359762]
1729,[-122.37126871   37.5920049 ]
1730,[-122.41642824   37.68748683]
1731,[-122.45616083   37.69753203]
1732,[-122.49114294   37.6770287 ]
1733,[-122.21562293   37.44510358]
1734,[-122.18663094   37.46675406]
1735,[-122.34493967   37.5676754 ]
1736,[-122.20500733   37.42360383]
1737,[-122.21623822   37.37692556]
1738,[-122.48824113   37.69091674]
1739,[-122.46566652   37.68770384]
1740,[-122.47862652   37.669026  ]
1741,[-122.4707228    37.65755445]
1742,[-122.45558067   37.66267343]
1743,[-122.40644822   37.62803319]
1744,[-122.418731     37.60123815]
1745,[-122.38767713   37.57945773]
1746,[-122.33179494   37.58137544]
1747,[-122.2939335    37.57257337]
1748,[-122.32638508   37.56242954]
1749,[-122.33877953   37.52845981]
1750,[-122.34531924   37.52300162]
1751,[-122.31206081   37.53281224]
1752,[-122.31371425   37.54419231]
1753,[-122.259472     37.55183467]
1754,[-122.26287984   37.54146531]
1755,[-122.28414563   37.54571985]
1756,[-122.31130976   37.51692207]
1757,[-122.23450846   37.46768514]
1758,[-122.28318286   37.49746498]
1759,[-122.26905459   37.46324553]
1760,[-122.24861877   37.4802314 ]
1761,[-122.24217211   37.48451822]
1762,[-122.27800267   37.40873277]
1763,[-122.29493137   37.32695537]
1764,[-122.48878554   37.78256192]
1768,[-122.46849215   37.77737638]
1770,[-122.491327    37.7532112]
1771,[-122.466901     37.74833179]
1772,[-122.45677955   37.74349182]
1773,[-122.45336069   37.71921615]
1774,[-122.46850729   37.71921486]
1775,[-122.45672795   37.71513241]
1776,[-122.48215423   37.75269577]
1777,[-122.49662347   37.77703207]
1778,[-122.50467267   37.77955183]
1779,[-122.49176833   37.7250473 ]
1780,[-122.39087124   37.73691482]
1781,[-122.39881238   37.7538865 ]
1783,[-122.4184939    37.71730817]
1784,[-121.29893748   37.95246381]
1785,[-121.29013005   37.94398419]
1786,[-121.31904979   37.93980476]
1787,[-121.32751627   37.97819655]
1789,[-121.25688247   37.97583867]
1800,[-121.46700874   37.9116018 ]
1804,[-121.97858993   36.99728307]
1805,[-121.97027977   36.96437635]
1806,[-121.91870301   37.02629725]
1807,[-121.93061837   36.98658033]
1808,[-121.876156     36.98002844]
1809,[-121.8107675   36.903044 ]
1810,[-121.44290885   38.5522256 ]
1813,[-121.80588277   37.01087138]
1814,[-121.47655323   38.562228  ]
1821,[-121.41982164   38.64270709]
1824,[-122.01736973   37.34439714]
1825,[-122.05831833   37.34307287]
1826,[-122.0415868    37.35553527]
1827,[-122.04131733   37.364942  ]
1829,[-122.002588     37.36129709]
1830,[-122.03083792   37.37289823]
1831,[-122.00636168   37.38053706]
1832,[-122.061214     37.37945427]
1833,[-122.05691342   37.39898246]
1834,[-122.07977253   37.3898666 ]
1838,[-122.07208268   37.36961564]
1839,[-121.47374512   38.62972806]
1842,[-121.49257397   38.64411597]
1845,[-121.57181384   38.66044392]
1847,[-122.09450117   37.38397254]
1848,[-122.10099908   37.37168353]
1849,[-122.11592258   37.37528987]
1850,[-122.12145134   37.39265976]
1851,[-122.13349295   37.44663667]
1852,[-122.15809075   37.42251662]
1853,[-122.09853717   37.35385625]
1856,[-121.81502093   37.34347007]
1865,[-121.32663744   38.68174333]
1868,[-121.89207853   37.35918947]
1869,[-122.1295966    37.35356171]
1870,[-121.8550198   37.2211894]
1871,[-121.89122341   37.22828691]
1872,[-121.88444073   37.24417741]
1873,[-121.76795053   37.25524618]
1874,[-121.86880039   37.26051617]
1875,[-121.85893381   37.25295   ]
1876,[-121.8245145    37.23031543]
1877,[-121.794289     37.23311724]
1884,[-121.8467405    37.36191992]
1885,[-121.84983841   37.38372365]
1886,[-121.82837924   37.37410632]
1887,[-121.81490745   37.36471028]
1888,[-121.81953139   37.38269167]
1889,[-121.8548303   37.3889928]
1890,[-121.87199586   37.38651871]
1891,[-121.89234621   37.37634168]
1892,[-121.86853525   37.3726857 ]
1893,[-121.88269924   37.39936988]
1894,[-121.8981748    37.44112953]
1895,[-121.87040378   37.42563294]
1896,[-121.62918417   37.03026924]
1897,[-121.42929184   38.58724469]
1898,[-121.42752343   38.603644  ]
1899,[-121.51249315   38.50105404]
1903,[-121.90667856   37.3404527 ]
1904,[-121.88375667   37.33503242]
1905,[-121.87864207   37.34762579]
1906,[-121.86622145   37.34567127]
1907,[-121.87579575   37.330111  ]
1908,[-121.84723513   37.4309288 ]
1909,[-121.86594137   37.45862223]
1910,[-121.96456867   37.3595505 ]
1911,[-121.99132976   37.36098294]
1912,[-121.98602282   37.34221736]
1913,[-121.9464625   37.35102  ]
1914,[-121.95629408   37.33032442]
1915,[-121.97197138   37.33103125]
1916,[-121.99187075   37.30176361]
1917,[-121.9861785    37.31389429]
1918,[-121.97476406   37.30359775]
1919,[-121.93115337   37.32198329]
1920,[-121.925143     37.31295274]
1921,[-121.92065446   37.29856929]
1922,[-121.91577004   37.28987896]
1923,[-121.92698245   37.28695973]
1924,[-121.93861843   37.27119967]
1925,[-121.92318552   37.25619085]
1926,[-121.89850441   37.26375047]
1927,[-121.885597     37.25122529]
1928,[-121.88451174   37.26819232]
1929,[-121.94570311   37.30246861]
1930,[-121.94943596   37.27532585]
1931,[-121.97069832   37.28954495]
1932,[-121.96320163   37.27610316]
1933,[-121.95458879   37.24192568]
1934,[-121.98847315   37.21885761]
1935,[-121.96742018   37.24833474]
1936,[-122.00559283   37.25950625]
1937,[-122.01739483   37.28862167]
1938,[-121.82173567   37.29050528]
1939,[-121.833551     37.31145825]
1940,[-121.83728441   37.30207882]
1941,[-121.76969911   37.35315095]
1942,[-121.77426062   37.33204281]
1943,[-121.7639821   37.3264312]
1944,[-122.40224936   37.72150282]
1945,[-121.77222612   37.2821411 ]
1946,[-121.80468236   37.30691114]
1947,[-122.05820251   37.27207465]
1948,[-122.06385252   37.29799206]
1949,[-122.0293881    37.30276415]
1950,[-121.84009287   37.33302281]
1951,[-122.41239158   37.71313992]
1952,[-121.85312121   37.34496084]
1954,[-121.15616748   37.72704403]
1955,[-122.49431376   37.54179371]
1965,[-121.51629244   37.00968934]
1966,[-121.57133219   37.01559431]
1967,[-121.99663488   36.99808705]
1968,[-122.06456181   36.97416881]
1969,[-122.0160498   36.97418  ]
1970,[-122.02704062   36.96684758]
1971,[-121.74212089   36.9217605 ]
1972,[-121.77040919   36.90619606]
1978,[-121.76957214   36.93110471]
1979,[-121.79238306   36.93809609]
1980,[-122.16047553   37.08744636]
1981,[-122.08721349   37.07862506]
1982,[-122.00124636   38.35243989]
1988,[-121.37542708   36.83192964]
1989,[-122.03677906   37.09806002]
1990,[-121.8479259    38.44269219]
1991,[-121.93967141   38.26010534]
1992,[-121.89919964   37.0844579 ]
1993,[-122.03103306   38.24729213]
1994,[-121.999778     38.24851793]
1995,[-122.03586258   38.42624495]
1996,[-122.23343261   38.13633091]
1997,[-122.43966751   38.32068765]
1998,[-122.52781442   38.30817979]
1999,[-121.60436988   38.69492481]
2000,[-122.22766158   38.14841895]
2001,[-122.64120731   38.26588148]
2002,[-122.63051184   38.20245762]
2003,[-122.65459023   38.24331017]
2004,[-122.9056771    38.47811404]
2005,[-122.04656551   38.57664348]
2008,[-122.64277885   38.51844624]
2009,[-123.01252708   38.47804451]
2010,[-122.74160143   38.57965508]
2011,[-122.82675356   38.6161483 ]
2012,[-122.17774519   38.05899422]
2013,[-122.19452631   38.10531169]
2014,[-122.98773662   38.37732919]
2015,[-121.87966309   36.49552021]
2016,[-122.16676469   38.06250931]
2017,[-121.38400565   36.57368486]
2020,[-122.22106538   38.23460039]
2021,[-122.35102072   38.37808793]
2022,[-122.2174625   38.0723695]
2023,[-122.2436708    38.08882876]
2024,[-122.258202     38.10180431]
2025,[-122.47270657   38.47551111]
2026,[-122.54491795   38.60687121]
2027,[-122.25024344   38.11215481]
2028,[-122.26777656   38.11734711]
2029,[-122.14105541   38.15696579]
2033,[-120.96603429   37.60447918]
2049,[-122.70315262   38.31487777]
2050,[-122.70706368   38.32112984]
2051,[-122.69918383   38.35748522]
2052,[-122.68487262   38.33849719]
2053,[-122.6816646   38.3272953]
2056,[-122.73177504   38.43916904]
2057,[-122.62467901   38.41441269]
2058,[-122.5987616    38.42179609]
2059,[-122.6559788   38.4636355]
2060,[-122.77552089   38.49816019]
2061,[-122.74924361   38.45717157]
2062,[-122.80349697   38.47462157]
2063,[-122.79920482   38.43058256]
2064,[-122.73425404   38.41866462]
2065,[-122.77529661   38.39057985]
2066,[-122.30440945   38.3356719 ]
2067,[-122.31911258   38.31509658]
2068,[-122.80177862   38.38381814]
2069,[-122.3315404    38.33251707]
2070,[-122.32613462   38.29513776]
2071,[-122.79467547   38.34004272]
2072,[-122.88118723   38.3434876 ]
2073,[-123.0167705    38.80944199]
2074,[-122.28044928   38.20342941]
2076,[-121.05846055   37.73743985]
2078,[-122.47884021   38.50786562]
2082,[-121.76635635   38.65953229]
2086,[-121.74073792   38.67119269]
2100,[-121.62286304   36.72985971]
2101,[-121.62076689   36.71442396]
2102,[-121.633039     36.68230351]
2103,[-121.60954056   36.68740872]
2104,[-121.65578206   36.6753905 ]
2105,[-122.54025897   38.10485313]
2106,[-121.66930738   36.68895763]
2107,[-121.76861745   36.87521517]
2108,[-121.69350398   36.84443316]
2109,[-121.6751938    36.81659753]
2110,[-121.91877501   36.55127846]
2111,[-121.91383611   36.61922439]
2112,[-121.92996504   36.62544389]
2113,[-121.80002882   36.71120061]
2114,[-122.58445992   38.09718464]
2115,[-122.56067867   38.08991852]
2116,[-122.518935     38.05528621]
2117,[-122.496407     38.00364025]
2118,[-122.58979019   38.03537061]
2119,[-122.55028633   37.98419161]
2120,[-122.53723088   37.96994782]
2121,[-122.50142136   37.96007172]
2122,[-121.81881309   36.57648687]
2123,[-121.85571266   36.59465575]
2124,[-121.79824412   36.65303271]
2125,[-121.74957483   36.83708654]
2126,[-122.27475011   38.28822579]
2127,[-122.52247439   37.90155885]
2130,[-122.59331869   37.972497  ]
2131,[-122.5306572    37.94549596]
2132,[-122.52208724   37.95087531]
2133,[-122.5242044    37.92510718]
2134,[-122.46367465   37.87454846]
2135,[-122.54122382   37.91286926]
2136,[-122.5302596    37.87096569]
2137,[-122.50005054   37.8668302 ]
2138,[-123.80032689   39.42947413]
2145,[-121.93568729   37.30597346]
2146,[-121.93950616   37.28042119]
2147,[-121.8515254   37.3272885]
2148,[-121.83111105   37.30561095]
2149,[-121.79747286   37.34176221]
2150,[-121.79249945   37.33402782]
2151,[-121.7436004    37.28401454]
2152,[-121.86782259   37.35859312]
2153,[-121.83574093   37.38281472]
2154,[-121.82758461   37.412804  ]
2155,[-122.09144102   37.43732059]
2156,[-122.49125947   38.32164143]
2157,[-122.01810227   37.52885473]
2158,[-122.46764676   38.34283533]
2159,[-122.55629496   38.46731523]
2160,[-122.6641585    38.47813953]
2161,[-122.73426773   38.43485676]
2162,[-121.91395009   37.72353091]
2163,[-122.82878361   38.38434784]
2164,[-122.78061173   38.53348546]
2169,[-122.02190425   37.40154075]
2170,[-121.92335318   37.39091278]
2171,[-121.92441261   37.3655797 ]
2172,[-121.97107364   37.28190209]
2173,[-121.93771      37.24695111]
2174,[-122.2938427    37.91395695]
2176,[-121.8829631    37.67183433]
2184,[-121.86969676   37.67155906]
2186,[-121.78437046   37.69113246]
2187,[-122.31655875   37.80392217]
2192,[-121.7401686    37.89476252]
2193,[-121.78751687   38.00912   ]
2194,[-121.8155089    37.98666262]
2195,[-121.86448581   38.00404244]
2196,[-121.92531323   37.99363194]
2197,[-122.02772088   38.03452135]
2198,[-122.07749464   37.96052364]
2199,[-122.04833107   37.95816134]
2200,[-122.01879588   37.91934212]
2201,[-122.29119021   37.94340327]
2202,[-122.02228522   37.80909952]
2203,[-122.12067537   37.93015372]
2204,[-122.0647665    37.86456673]
2205,[-122.14015552   37.85536062]
2206,[-121.90798426   37.78882933]
2207,[-122.25661074   38.04327006]
2208,[-122.27864658   38.01033983]
2209,[-122.33103555   37.97184666]
2210,[-122.357276     37.92909844]
2212,[-122.26588433   37.84844547]
2213,[-122.27357263   37.83122174]
2214,[-122.20858241   37.81188841]
2215,[-122.23060956   37.79807031]
2216,[-122.20085136   37.80289616]
2217,[-122.19717117   37.76961775]
2218,[-122.18645208   37.7816814 ]
2219,[-122.18296596   37.76600226]
2220,[-122.17926658   37.74542092]
2221,[-122.03077614   37.23684569]
2222,[-122.05556476   37.33464353]
2223,[-122.08049967   37.33938133]
2224,[-122.27612436   37.89804354]
2225,[-122.24191048   37.824219  ]
2226,[-122.0663972    37.68111453]
2227,[-122.10144378   37.67479133]
2228,[-122.06532903   37.67162065]
2229,[-122.14960039   37.45219043]
2230,[-121.76554696   37.72446195]
2231,[-122.39393494   37.60722035]
2232,[-121.9306653    37.16732987]
2233,[-121.86672676   37.24567805]
2234,[-121.63732548   37.09898545]
2235,[-121.82372805   38.45075005]
2236,[-122.11248918   37.61121338]
2237,[-121.92925247   37.5310648 ]
2238,[-121.60587009   37.06384557]
2239,[-121.59006865   36.98128774]
2240,[-122.16490035   37.4280823 ]
2241,[-122.06184415   36.95625231]
2242,[-122.13805137   37.13339271]
2243,[-121.878409     36.95698553]
2244,[-122.34689873   37.54570827]
2245,[-122.32321782   37.52323059]
2246,[-122.28860155   37.56259748]
2247,[-122.27612411   37.55867243]
2248,[-122.2876355    37.52045829]
2249,[-122.2637785    37.49581014]
2250,[-122.28153816   37.48374302]
2251,[-122.20353748   37.43137246]
2252,[-121.96726286   38.35313759]
2253,[-121.78389341   38.18609465]
2254,[-121.72338461   38.54070982]
2257,[-121.60590644   36.69709837]
2258,[-121.92605495   36.61222143]
2259,[-121.8866951    36.59124216]
2262,[-122.59090169   38.11587741]
2263,[-122.60219667   38.00638819]
2264,[-123.20147131   39.15475926]
2265,[-121.67412011   36.58552277]
2269,[-121.8491843    36.61424548]
2270,[-121.75456914   36.61704545]
2271,[-121.77404902   36.7035738 ]
2272,[-122.2719672    38.31209352]
2273,[-122.45694032   38.50325675]
2275,[-121.8475404   38.0023092]
2281,[-122.49238075   37.90656483]
2282,[-121.47513061   38.42289106]
2288,[-121.3986273    38.54376407]
2295,[-121.30480692   38.57430546]
2304,[-122.02032961   37.36205328]
2305,[-122.09244233   37.40618125]
2306,[-121.362978     38.00931016]
2307,[-122.00438503   37.50796933]
2308,[-122.39369629   37.78728919]
2309,[-121.33032387   37.95813509]
2311,[-122.42286384   37.80526926]
2312,[-122.43332678   37.79100822]
2313,[-122.42955222   37.78344689]
2314,[-122.42928073   37.77180645]
2315,[-122.42035738   37.76962977]
2316,[-122.413962     37.75127867]
2317,[-122.42068353   37.74363179]
2318,[-122.43619792   37.72828523]
2319,[-122.43235162   37.72329131]
2320,[-122.41638764   37.70942645]
2321,[-122.45983428   37.76383383]
2322,[-122.45802185   37.7284793 ]
2323,[-122.49749924   37.74246167]
2324,[-121.32589974   37.98318819]
2325,[-121.38210332   38.02743179]
2327,[-121.2199883    37.98936406]
2328,[-121.10655328   37.77135143]
2329,[-121.47571744   37.78484697]
2330,[-122.45298867   37.70503507]
2332,[-122.268127   37.859559]
2335,[-121.94561548   36.98022761]
2336,[-121.98325583   38.32432706]
2337,[-122.58552483   38.00522152]
2339,[-122.41560463   37.535932  ]
2340,[-122.41103385   37.78306923]
2341,[-121.86078654   37.02656504]
2342,[-122.1899328    37.79403105]
2343,[-122.37610631   37.73504938]
2344,[-122.46152256   37.77779111]
2345,[-122.34970571   37.57666029]
2346,[-122.251741     37.82636885]
2347,[-122.25550492   37.79844754]
2348,[-122.166257     37.77123872]
2349,[-122.27674577   37.85933423]
2350,[-122.28447917   37.77149417]
2351,[-122.08503289   37.72247475]
2352,[-122.22423755   37.4792989 ]
2353,[-122.08950671   37.62789407]
2354,[-121.987998     37.57798794]
2355,[-121.9749147    37.56371515]
2356,[-121.89041508   37.71965588]
2357,[-121.84005679   37.72597877]
2358,[-121.776592     37.67207968]
2359,[-122.29253883   38.00448707]
2362,[-121.9000266   37.4079637]
2363,[-122.00180943   37.31630213]
2364,[-121.42506384   36.85982475]
2367,[-122.2221395    37.88659543]
2368,[-121.82641392   37.84351112]
2370,[-122.00619523   37.34640155]
2374,[-121.88230482   37.44013835]
2375,[-121.94363914   37.34305908]
2376,[-121.95546752   37.21189557]
2377,[-122.08618658   37.36900253]
2378,[-122.17446257   37.4385622 ]
2380,[-122.91184651   38.51309362]
2383,[-121.21421032   38.57266548]
2387,[-122.26775852   38.13681209]
2388,[-122.1666836    38.07576887]
2389,[-121.9501423   38.3575077]
2390,[-121.75454     36.9114343]
2393,[-121.92981425   37.89127484]
2394,[-121.95384392   37.5838714 ]
2395,[-121.99273283   37.529266  ]
2396,[-121.924484     37.49004267]
2398,[-121.80871737   38.46452742]
2399,[-122.53785696   38.3860333 ]
2400,[-122.66613739   38.20938457]
2401,[-122.25619589   37.88464404]
2402,[-121.74552658   37.31121555]
2403,[-122.24895542   37.86205132]
2404,[-122.56639285   38.0627971 ]
2405,[-122.56504969   37.96389622]
2406,[-122.43112585   37.86226833]
2407,[-121.89398861   37.30459752]
2408,[-121.84159319   37.3242465 ]
2409,[-121.89453827   37.69278464]
2414,[-121.78088888   37.68644982]
2415,[-122.27189847   38.39044759]
2416,[-121.8733235   37.9808145]
2418,[-122.36165037   37.93961158]
2420,[-122.34381189   37.99115421]
2421,[-122.22787952   37.8224171 ]
2422,[-122.06154852   37.72264417]
2423,[-122.08305019   37.68442819]
2424,[-122.13779532   37.66962623]
2425,[-120.9470555    37.58740306]
2429,[-122.31284405   38.33268337]
2430,[-122.27245397   38.27053095]
2431,[-122.06116533   37.64367592]
2434,[-122.28217267   37.81192878]
2435,[-122.234991     37.83562693]
2436,[-122.235142   37.788113]
2437,[-122.20286853   37.7880246 ]
2438,[-122.15951135   37.78765447]
2439,[-122.04541473   38.2456388 ]
2441,[-122.42532079   37.77349057]
2442,[-122.41884217   37.75227317]
2443,[-122.38790211   37.76054795]
2444,[-121.29475535   37.90579755]
2446,[-121.12089653   37.73398487]
2448,[-122.25615403   37.52804726]
2451,[-122.47963768   37.70019532]
2452,[-122.4608477    37.65567004]
2453,[-122.37271779   37.56675617]
2454,[-122.31778173   37.5525686 ]
2455,[-122.26722193   37.50716707]
2456,[-122.18016733   37.45698529]
2458,[-122.46494484   37.52341377]
2460,[-122.40797506   37.80228876]
2463,[-122.46799457   37.72722054]
2464,[-122.50658273   37.75623953]
2465,[-122.39369563   37.71333444]
2466,[-122.39047518   37.74449007]
2467,[-121.35042148   37.96690204]
2468,[-122.71259694   38.44163306]
2469,[-122.70114242   38.47962735]
2470,[-122.76041807   38.47038407]
2471,[-122.72491729   38.39141068]
2476,[-121.6313522    36.67686265]
2477,[-121.67301389   36.6603895 ]
2478,[-121.92271157   36.54742264]
2479,[-121.89696438   36.60073324]
2480,[-121.9493162    37.77314386]
2482,[-122.10950611   37.99882156]
2483,[-122.07198109   37.93336231]
2484,[-121.9801542    37.95526057]
2485,[-122.06752755   37.92457597]
2486,[-122.0116844   37.8777564]
2487,[-122.26817209   37.96843685]
2488,[-121.8049488   37.2628994]
2489,[-121.91235265   37.43726055]
2490,[-122.07534781   37.31440561]
2492,[-121.2848481    37.91712565]
2493,[-121.34063771   38.00606226]
2495,[-122.448253     37.77437275]
2496,[-122.43687969   37.75976346]
2497,[-122.41301644   37.73680244]
2498,[-122.43207709   37.71132783]
2499,[-122.45711327   37.722086  ]
2500,[-121.27795263   37.88974943]
2501,[-121.20202755   37.80043571]
2502,[-122.43443041   37.70291754]
2503,[-122.46059443   37.64654917]
2504,[-122.50319605   37.59002563]
2505,[-122.42530823   37.63380582]
2506,[-121.65147218   36.69348529]
2507,[-121.83155246   36.61853392]
2510,[-122.33017635   37.55320491]
2511,[-122.25295469   37.489783  ]
2512,[-122.24142413   37.53984703]
2513,[-122.14270576   37.45799576]
2514,[-121.81693137   37.27304983]
2515,[-121.8442055   37.2401221]
2516,[-121.60267751   37.13491705]
2519,[-122.19480815   37.79921167]
2520,[-122.05311778   37.68783322]
2521,[-121.902657     37.24938108]
2522,[-121.78916718   37.32063576]
2523,[-121.80281976   37.34928394]
2524,[-121.82066078   37.36892509]
2525,[-121.99195039   37.40081272]
2526,[-121.94520595   37.40617091]
2527,[-121.56860068   37.10342632]
2528,[-122.09639244   37.09735093]
2529,[-121.92296619   36.97775181]
2530,[-122.15710123   37.76136762]
2531,[-121.95721331   37.70826953]
2532,[-121.94406266   37.79394889]
2533,[-122.02811835   37.53418271]
2534,[-121.70684895   37.95734805]
2535,[-121.95774353   37.30841018]
2536,[-122.10613305   37.39218868]
2537,[-122.28668421   38.10841747]
2538,[-122.10429093   38.2133276 ]
2539,[-122.31388821   37.93416793]
2540,[-122.19839898   38.03727751]
2541,[-122.00255429   38.25982354]
2542,[-121.99718167   38.36173811]
2543,[-122.69556196   38.32308333]
2544,[-122.67479498   38.46926562]
2545,[-122.73826215   38.45201575]
2546,[-122.85467617   38.52325374]
2548,[-121.02398385   37.66453425]
2549,[-120.99139395   37.63771338]
2553,[-122.56099109   38.07784951]
2554,[-122.50757018   37.89363747]
2557,[-121.68664739   36.89199776]
2562,[-121.62251331   36.79605096]
2563,[-121.82640743   36.53282681]
2564,[-121.70741284   36.80940982]
2565,[-122.23024167   38.32658506]
2568,[-121.50584073   38.56933207]
2569,[-121.46952227   38.53446953]
2571,[-121.4677841    38.41056671]
2573,[-121.74156218   38.58861805]
2574,[-121.75604486   38.552768  ]
2582,[-122.39912345   37.58920109]
2583,[-121.28443304   38.58578961]
2586,[-121.41167245   36.83304725]
2588,[-122.03705721   38.27812579]
2589,[-122.00880819   38.3696505 ]
2590,[-122.62959843   38.23135508]
2591,[-122.04389459   37.66723649]
2592,[-121.9681122   37.5421114]
2593,[-121.91119929   37.66626866]
2594,[-121.893111    37.3942973]
2595,[-121.97269594   37.36127431]
2596,[-121.9838144   37.2435457]
2597,[-122.26840786   37.81774814]
2599,[-121.46073314   38.5190325 ]
2601,[-122.45076593   37.76547236]
2603,[-122.13190022   37.74078231]
2605,[-122.48751886   37.85082019]
2606,[-122.44477058   37.80364342]
2607,[-122.17598222   37.42968589]
2608,[-121.7624712    37.94730297]
2611,[-122.13389      37.71443044]
2612,[-122.29504638   37.968285  ]
2613,[-122.29337773   37.56189909]
2614,[-122.46654279   37.739172  ]
2616,[-122.13861161   37.76235403]
2618,[-122.30944094   37.92764388]
2619,[-121.46497298   38.4437414 ]
2620,[-122.2784712   37.866656 ]
2621,[-121.70634773   37.98938607]
2622,[-122.40385959   37.77372347]
2623,[-121.96902406   37.96530375]
2624,[-122.47416689   37.76309456]
2625,[-122.40631713   37.7114098 ]
2627,[-121.618852     36.67960514]
2628,[-122.03482012   37.53725375]
2629,[-122.37532025   37.7249683 ]
2631,[-121.82998113   37.28612125]
2632,[-122.299154    37.8087842]
2633,[-122.17214908   37.76430831]
2634,[-122.3099184    37.88639353]
2635,[-122.082884     37.61957576]
2636,[-122.57567881   37.97838885]
2639,[-122.26677912   37.54901753]
2640,[-121.6491464    36.71317847]
2643,[-122.38964908   37.72138933]
2645,[-121.3068888   37.9611243]
2646,[-122.17903328   37.76056928]
2647,[-122.08354444   37.6744852 ]
2648,[-121.82899056   38.00394111]
2650,[-122.398601     37.59935212]
2652,[-121.807416   37.331122]
2653,[-121.81139975   37.25486706]
2654,[-122.53225995   37.98241657]
2655,[-121.79122025   36.68107067]
2656,[-122.03724216   37.30317658]
2658,[-122.09053092   37.39406323]
2659,[-121.99533096   36.973632  ]
2660,[-122.51287341   37.87014777]
2662,[-121.79590743   36.6774435 ]
2665,[-121.97861211   37.540596  ]
2666,[-121.70805336   37.93122564]
2669,[-121.77618878   37.97959887]
2670,[-121.85601508   37.36920492]
2671,[-121.77038919   37.96912038]
2672,[-121.95780987   38.3435784 ]
2673,[-122.40799079   37.74417432]
2675,[-122.25819888   37.56488794]
2676,[-121.7578469    37.29527455]
2677,[-121.98165882   37.29198753]
2678,[-122.72136236   38.42072423]
2682,[-122.58685884   38.13072429]
2686,[-122.05832625   37.53621069]
2687,[-121.82926056   37.28058125]
2688,[-121.99814635   37.92098577]
2689,[-122.05939115   38.25283269]
2691,[-122.41061738   37.60695128]
2694,[-122.43102989   37.78797756]
2695,[-122.49062809   37.746474  ]
2697,[-122.2408845    37.49396079]
2700,[-122.43781821   37.64513532]
2701,[-121.71276937   37.05509743]
2702,[-122.70156965   38.3339765 ]
2703,[-121.00847082   37.63747447]
2706,[-121.46691952   38.39466237]
2708,[-122.44114865   37.66268815]
2709,[-121.56338891   38.567786  ]
