id,long,lat
X1,-120.788684621,36.0716294437
X2,-122.219405737,37.4695849474
X3,-121.660215471,37.1504759412
X4,-121.3428459,38.57307385
X5,-121.36171355,38.5544347
X6,-121.948432409,38.3666532727
X7,-121.996103913,38.3258468478
X8,-122.644971773,38.2618765455
X9,-122.416533,37.785702625
X10,-121.060019846,37.6941770769
X11,-121.974941231,37.7641864615
X12,-122.578828333,38.5812761111
X13,-121.2415853,38.7550696333
X14,-121.613308375,36.7054551875
X15,-121.376707429,36.4732351429
X16,-121.921131231,36.6176426923
X17,-121.909472576,36.588169303
X18,-121.26173175,38.7885989375
X19,-121.356635929,38.6977421429
X20,-122.418912,37.787914375
X21,-122.43979,37.80245875
X22,-120.91176151,35.4792265735
X23,-122.031875286,38.2529001429
X24,-122.012479467,38.2496886
X25,-121.9796351,38.34320795
X26,-122.48730192,38.30574416
X27,-122.737504304,38.467034913
X28,-122.801975389,38.5527391111
X29,-120.246741833,36.1300226667
X30,-122.2463301,37.7663485
X31,-122.306018154,37.901185
X32,-121.297575143,38.1397228571
X33,-121.281032545,38.1359758182
X34,-121.276139625,38.108162125
X35,-121.210946333,37.7992099333
X36,-121.189471786,37.7990965
X37,-122.070514,37.3455058421
X38,-121.481190581,37.2058396591
X39,-122.238454167,38.1052791667
X40,-122.014472813,38.2639728125
X41,-122.014071407,37.9774357407
X42,-121.939187143,37.7322159286
X43,-122.352594118,37.9614624706
X44,-122.3982935,37.7247544167
X45,-120.5383795,37.8920493333
X46,-122.2972355,37.8074207778
X47,-122.166513692,37.746447
X48,-121.469389583,38.5803780833
X49,-121.491249059,38.6241699412
X50,-121.3412652,38.6910069
X51,-121.258176933,38.7059694667
X52,-121.835311167,37.3680675833
X53,-120.496932818,37.2986964545
X54,-121.822642714,39.7691562857
X55,-122.3154709,37.9456071333
X56,-122.3736234,37.961611675
X57,-122.321681171,37.9584791714
X58,-122.273447957,37.843259
X59,-122.073896389,37.5701003889
X60,-122.053654444,37.5719454444
X61,-122.050945,37.5616999524
X62,-121.976886455,37.5450389091
X63,-121.98557065,37.53914815
X64,-122.0087442,37.5372988
X65,-121.975870625,37.5198764375
X66,-121.896753415,37.4863437805
X67,-121.439969778,38.5019976667
X68,-120.510685632,37.3141668947
X69,-121.844578222,36.6012542222
X70,-121.242642,38.7363793448
X71,-121.321949667,38.778518037
X72,-121.274536921,38.8261309211
X73,-122.052161562,38.2928271875
X74,-121.8815286,37.3160018
X75,-122.464112231,38.2808598077
X76,-122.590614778,38.2394685
X77,-121.892777647,37.2944153529
X78,-122.387227222,37.7277387778
X79,-122.419425182,37.790887
X80,-122.438227231,37.7814268462
X81,-122.4400614,37.7406222333
X82,-122.406549182,37.7519512727
X83,-122.865237882,38.6109415294
X84,-121.355484591,38.0355379545
X85,-121.319258692,38.0360259231
X86,-122.10147425,37.410095125
X87,-122.09666635,37.41760035
X88,-121.565489739,37.0026712609
X89,-122.007871433,36.9841656
X90,-122.477017345,37.6509687241
X91,-122.255379667,37.5107655476
X92,-121.52432681,38.5716892857
X93,-121.7055615,38.5400486786
X94,-121.7641544,38.5531135
X95,-122.630334147,38.9371777353
X96,-122.286882417,37.8660363333
X97,-122.267185882,37.9004910588
X98,-122.2760425,37.801698
X99,-122.233725737,37.794201
X100,-122.330362889,37.9822572963
X101,-122.353169625,37.9545986875
X102,-122.321601536,37.9387708571
X103,-122.030025929,37.5627857857
X104,-122.00936808,37.55459388
X105,-121.985668706,37.5509625294
X106,-121.471473582,39.5294902278
X107,-122.258907417,37.7622576667
X108,-122.110050625,37.6677941875
X109,-122.29155535,37.9051078
X110,-121.0594478,38.6816088222
X111,-121.267825714,38.7357781905
X112,-120.778589213,38.718979975
X113,-122.437975889,37.7748651111
X114,-121.192464796,37.8540517143
X115,-121.44434981,37.7145090952
X116,-122.23273952,37.476335
X117,-122.445028105,37.7053008421
X118,-122.279749083,37.5137251667
X119,-122.257854071,37.4984025
X120,-121.311272686,37.9100484
X121,-121.27053246,38.07464158
X122,-121.690868716,38.0991085625
X123,-122.022649385,37.3330387692
X124,-121.376432,38.5858387143
X125,-122.115770875,37.4065385
X126,-121.517734944,38.6086735556
X127,-122.144917,37.4354766
X128,-121.847208167,37.3552131667
X129,-121.303845,38.67142275
X130,-121.419056417,38.5216285
X131,-121.870466462,37.3228723846
X132,-121.8439465,37.3201105833
X133,-121.856243583,37.3127660833
X134,-122.002370545,37.2994027273
X135,-121.94562931,38.2787158966
X136,-121.943478138,38.3320740345
X137,-121.986256939,38.3785792121
X138,-122.618910667,38.2535437667
X139,-120.862778231,37.4984651538
X140,-121.639412208,39.2777709375
X141,-122.707570105,38.403855
X142,-122.72355519,38.4600504286
X143,-122.7067445,38.4484162
X144,-120.9673274,37.6717794
X145,-121.003146071,37.5978764286
X146,-122.301128875,38.311181
X147,-123.203100897,39.1359596552
X148,-120.602718368,37.3463630526
X149,-121.851834371,39.7128623429
X150,-121.582288944,38.4307224019
X151,-122.272490889,37.8089067778
X152,-122.022229579,37.3149154211
X153,-122.004135053,37.3300401579
X154,-122.010273,37.3586328125
X155,-122.04281532,37.39076644
X156,-121.837372235,37.2577013529
X157,-121.7646813,37.2230578333
X158,-121.636385053,36.710204
X159,-121.690300208,36.7174710625
X160,-121.83985048,36.59184912
X161,-121.093593366,38.8545855054
X162,-121.418498524,38.4477461429
X163,-121.490615526,38.6172364737
X164,-121.425438067,38.4679043333
X165,-122.4244947,37.7941523
X166,-121.02918255,37.3063154
X167,-122.16620275,37.73216555
X168,-122.169867132,37.6859707895
X169,-122.094724909,37.6806993636
X170,-121.834111963,37.2050757037
X171,-122.105299286,37.8690037429
X172,-121.876368087,36.9629734783
X173,-121.838655143,37.2888373571
X174,-121.814745526,37.3185076842
X175,-121.893150273,37.3473001818
X176,-121.89770884,37.3161016
X177,-121.616279361,38.0313070884
X178,-121.788651917,37.6725119167
X179,-121.35901869,38.6473568621
X180,-121.462605013,39.49091344
X181,-122.259367529,37.8169918235
X182,-122.288277389,38.2959412778
X183,-121.267844053,37.9681900526
X184,-121.897125462,37.3279208077
X185,-121.875786273,39.7539108182
X186,-122.485340529,37.7378907647
X187,-121.846045812,37.2699755625
X188,-121.506047333,38.5758968889
X189,-121.094240095,36.5104310541
X190,-120.524979896,36.1933505298
X191,-122.351041111,37.9694796111
X192,-121.354577067,38.6793674
X193,-121.861159029,37.2890702857
X194,-122.265228,37.8416282727
X195,-121.919558733,37.4830415333
X196,-121.890209316,37.6807371053
X197,-120.932116139,39.8643278114
X198,-121.752753905,37.6852498571
X199,-121.724955643,37.6894422143
X200,-121.879813,39.7350649231
X201,-121.79945804,39.72615512
X202,-120.140891662,37.6965220772
X203,-123.56187977,39.6896274124
X204,-121.643944625,36.7037725625
X205,-120.972160309,40.0438363356
X206,-122.412963833,37.7687935556
X207,-122.423099154,37.7515346154
X208,-122.4138035,37.7611239167
X209,-122.403419316,37.7164835789
X210,-122.467497842,37.7134442105
X211,-122.475833667,37.7836767778
X212,-122.4050811,37.7956791
X213,-121.2784507,38.1413066
X214,-121.243959778,37.8064477778
X215,-121.75483932,36.92733524
X216,-122.057114867,37.5841450667
X217,-121.9904949,37.5590555
X218,-121.943704136,37.5318293636
X219,-121.997650786,37.5449085714
X220,-121.931397762,37.5225478571
X221,-121.89918045,37.66929085
X222,-121.859980933,37.7059081333
X223,-121.741662588,37.675342
X224,-121.790100214,37.6639815
X225,-122.353308714,37.9416545714
X226,-120.507021413,38.8525525168
X227,-120.991410769,38.6831402308
X228,-120.558879053,38.6131341269
X229,-121.283196556,37.8332892222
X230,-121.423315118,37.7106797647
X231,-121.430583875,37.7465014375
X232,-122.128362935,37.4637643548
X233,-122.45958964,37.62756216
X234,-122.384759435,37.6207992609
X235,-121.880256143,37.3330224286
X236,-121.32002,38.6648438182
X237,-122.0253844,37.3855895
X238,-122.034742778,36.9590105556
X239,-122.031307357,37.0206625893
X240,-121.784323722,36.9574496944
X241,-122.572026625,38.1105780833
X242,-122.548045333,37.9987083333
X243,-122.506893,37.9667340625
X244,-122.491410556,37.940305
X245,-123.380369606,39.4262946093
X246,-122.694319091,38.3479763636
X247,-121.6695575,36.6782125
X248,-121.830710082,40.2812046403
X249,-119.988316437,38.1097465357
X250,-120.767487108,38.9090641661
X251,-121.789547154,37.2509465385
X252,-121.989619304,36.9828874783
X253,-122.235993214,38.1166215714
X254,-122.700954227,38.368102
X255,-123.152968474,38.5820173422
X256,-121.307116722,38.7162497778
X257,-121.2819771,38.6123833
X258,-121.363063,38.542715
X259,-121.327834813,38.0338704375
X260,-121.2858231,38.002628
X261,-121.261938417,38.1109995833
X262,-122.7089775,38.4352398571
X263,-120.867519143,37.7703267857
X264,-122.52240637,37.9603463704
X265,-123.481983649,39.1163428327
X266,-120.5945305,37.3661847857
X267,-121.267409273,38.690686
X268,-122.029756,36.9759374
X269,-122.156979455,38.0706719545
X270,-122.029993455,38.2648299091
X271,-121.402676556,38.4899446667
X272,-121.8185292,37.347803
X273,-121.823398867,37.2413362
X274,-121.977065944,36.9771624444
X275,-122.22373725,38.1043046667
X276,-121.981193952,38.2579335714
X277,-122.178081071,37.7284015714
X278,-121.81557212,39.72154036
X279,-121.731453526,37.9836468947
X280,-122.036887632,37.9746483684
X281,-122.0286395,37.9544017308
X282,-122.099005404,37.8458705957
X283,-122.283801056,37.8468262222
X284,-122.258969,37.829213625
X285,-122.304275818,37.8178303939
X286,-122.2850077,37.8056102
X287,-122.225175615,37.789474
X288,-122.157908143,37.6973710476
X289,-122.073556,37.6382548182
X290,-122.068416,37.585317
X291,-122.480200051,37.9844319231
X292,-121.418751357,38.5288275
X293,-121.435218937,38.5198155
X294,-122.302667073,38.2603258727
X295,-122.307282722,38.2943331111
X296,-122.239355526,38.1601677895
X297,-121.833342588,38.4584426471
X298,-120.855327545,37.5066979091
X299,-122.415998615,37.8021030769
X300,-121.8742428,37.3052226
X301,-122.697547636,38.4604112045
X302,-122.383927412,37.7339750588
X303,-121.981621513,37.4415166711
X304,-122.054650867,37.4172796
X305,-121.274419929,37.9485355714
X306,-122.004856583,37.3961258333
X307,-120.969037125,37.5930780625
X308,-122.083500143,37.3786799286
X309,-121.762660917,37.2347376667
X310,-121.3362988,38.6490617
X311,-122.485899556,37.7035453889
X312,-121.966630143,36.9748178214
X313,-121.403623111,36.848219
X314,-122.446965667,37.655691875
X315,-122.230594636,37.4893969091
X316,-122.171909061,38.093974197
X317,-121.775188667,38.5535346667
X318,-121.78450625,38.5499325
X319,-121.643262577,39.0217648618
X320,-122.177595281,39.750272
X321,-122.265187875,37.7954803125
X322,-122.253677632,37.8136333684
X323,-122.295348,37.7975507692
X324,-121.933643816,37.5615453947
X325,-121.962331533,37.5287536
X326,-121.972681067,37.5313372667
X327,-121.574397258,39.7903405323
X328,-121.910050048,37.689188
X329,-121.747760371,37.7096086286
X330,-121.765041185,37.6962147407
X331,-121.732419238,37.6962809048
X332,-122.140718429,38.0227777143
X333,-122.1314225,37.6815896
X334,-122.0228195,37.9698627222
X335,-121.81674113,38.000587913
X336,-121.125032643,38.9168879405
X337,-121.048570581,38.9493663784
X338,-122.240406286,37.5542211429
X339,-122.208472179,37.4798831071
X340,-121.278233357,38.7992354286
X341,-121.267484737,37.9322312632
X342,-121.389085407,38.0486661111
X343,-121.262801077,38.1348374615
X344,-121.491111284,36.832943568
X345,-122.075149389,37.4010455556
X346,-122.097521667,37.3974429167
X347,-122.1230514,37.4376682
X348,-121.256124538,38.6708604615
X349,-121.7838353,37.2296163667
X350,-121.491635444,38.5859298889
X351,-121.866034083,37.3368634167
X352,-121.909881818,37.2603198182
X353,-121.789591727,37.3278427273
X354,-121.297464647,38.6848233529
X355,-121.3513678,38.5429154
X356,-121.38488525,38.4173448333
X357,-121.365454636,38.4388583636
X358,-121.3783146,38.4649976
X359,-121.403608143,38.47059
X360,-121.317020563,38.4290795625
X361,-121.306990059,38.2687802353
X362,-121.469919432,38.4623574054
X363,-121.412386692,38.4166044615
X364,-121.432934944,38.4296657778
X365,-121.962972347,37.0408705612
X366,-121.938289561,38.394928803
X367,-122.735035411,38.2631323
X368,-120.900840521,37.3738899315
X369,-122.215349417,38.12836325
X370,-122.209782941,38.1046104706
X371,-122.215347478,38.0931486087
X372,-122.237312462,38.124844
X373,-120.969506643,37.6970172857
X374,-121.02367805,37.69701775
X375,-121.080970889,37.6959174444
X376,-121.0239619,37.67525845
X377,-121.629746,36.6696384706
X378,-121.8297344,36.6125532667
X379,-120.605305667,37.3561062222
X380,-121.946207,37.3170689091
X381,-121.862753385,39.7295029231
X382,-121.961333857,37.5357019286
X383,-121.8136735,39.7511633333
X384,-121.737298,38.5474765714
X385,-122.179594325,37.9040067922
X386,-122.247303842,37.7412657895
X387,-122.108182163,37.7056877143
X388,-122.190887576,37.7135272424
X389,-122.140321828,37.6856013793
X390,-121.895936125,37.2356520833
X391,-121.8676857,37.2695368
X392,-122.075779769,37.6249803846
X393,-122.082831571,37.5962055238
X394,-122.189928214,37.4818595714
X395,-122.225293192,37.4539947308
X396,-121.880554333,37.3546707333
X397,-122.223272261,38.0948392174
X398,-122.242603312,38.1490943125
X399,-122.066006842,38.2670153158
X400,-122.041080077,38.2667433077
X401,-122.008484,38.2698715455
X402,-121.427779824,38.4850842353
X403,-122.564001643,38.0177917857
X404,-120.622413704,37.3604476667
X405,-121.280066583,38.69451375
X406,-121.38040363,36.8439726667
X407,-121.315767818,38.1332405455
X408,-122.449943917,37.6762683889
X409,-122.488651077,37.6529841154
X410,-122.467180796,37.5924349815
X411,-121.841542783,39.742623
X412,-121.820639143,39.7041901143
X413,-121.81185651,39.3410066275
X414,-121.591669602,37.9336854091
X415,-122.082671333,38.0010046667
X416,-122.054200676,37.9263220294
X417,-122.322884316,37.9167841579
X418,-121.871208556,37.4337206667
X419,-121.967035118,37.2974257647
X420,-122.042611766,36.9878716596
X421,-122.24886,38.1007172857
X422,-122.258886,37.7705763333
X423,-122.507645152,37.9819220435
X424,-121.436602357,38.5294465714
X425,-121.494691389,38.5070725556
X426,-121.413308,38.5937463529
X427,-121.460158214,38.6497177143
X428,-121.52021248,38.67386408
X429,-121.397382288,38.6654500169
X430,-121.236523067,38.6498577333
X431,-122.256090045,37.8730639091
X432,-121.277796158,37.7843125789
X433,-122.309338437,37.5582413125
X434,-122.423317333,37.78745275
X435,-122.075195667,37.5782748333
X436,-121.914960647,37.2432661765
X437,-122.009966733,37.3018351333
X438,-122.022996478,37.3556181304
X439,-122.014241588,38.2846057647
X440,-122.328443525,38.311569025
X441,-121.440299714,38.4642166429
X442,-123.800168136,39.4473636949
X443,-122.440630882,37.7647842941
X444,-121.274085033,38.5752915333
X445,-122.4387057,37.778322
X446,-122.228825583,37.808436875
X447,-122.1420217,37.69734705
X448,-122.018252526,37.5703020526
X449,-121.4792245,38.5075435
X450,-121.106231455,38.6722194091
X451,-121.2999248,38.5875831333
X452,-122.420744091,37.7983609091
X453,-120.660040067,39.0654007936
X454,-121.905072556,37.4387693333
X455,-121.986215833,37.3271595556
X456,-122.280389364,37.8390579091
X457,-122.273536412,37.8206488824
X458,-122.270937333,37.8000904444
X459,-122.241042643,37.7913053571
X460,-122.211247812,37.780730625
X461,-122.183491312,37.751060875
X462,-122.271804067,37.8884038667
X463,-122.268934636,37.8680769091
X464,-122.275273267,37.8500385333
X465,-122.063362625,37.6996021667
X466,-122.155249955,37.7234063636
X467,-122.114103308,37.6988715385
X468,-122.126273,37.6710564706
X469,-122.09381175,37.6358455833
X470,-122.075976471,37.5878363529
X471,-122.012881769,37.589721
X472,-122.0231505,37.557816
X473,-121.950883636,37.5457849091
X474,-121.508224702,39.3972604211
X475,-122.063474368,37.9056391053
X476,-120.471460638,38.1343009186
X477,-122.167486724,37.879806069
X478,-122.264007731,38.0001070769
X479,-122.33398312,37.96656392
X480,-122.341577182,37.9393336364
X481,-122.302378333,37.9097295833
X482,-121.094163222,38.6988055
X483,-120.242139947,38.3862172981
X484,-122.356561198,39.1005964756
X485,-121.711429824,37.9404724706
X486,-121.733707381,37.9527378095
X487,-121.900056385,38.0132540769
X488,-122.056072519,37.9386215556
X489,-122.001946333,37.963411
X490,-122.493050301,38.9716775316
X491,-122.890343761,39.2143011209
X492,-122.577519687,39.0827556316
X493,-122.754221043,38.8574533759
X494,-122.620294438,38.786264346
X495,-122.428483,37.619641375
X496,-122.2810778,38.31704405
X497,-121.300321267,38.7567422667
X498,-120.378750258,36.8912546463
X499,-122.559816951,37.9095114426
X500,-123.114569229,39.3912704133
X501,-120.639466982,37.1739609822
X502,-121.044579612,37.0295501051
X503,-121.650558167,36.6650658333
X504,-120.879219376,39.2406907376
X505,-121.502171625,38.582484375
X506,-121.493901625,38.5566491875
X507,-121.504653235,38.5283171765
X508,-121.451465941,38.5302776471
X509,-121.446527778,38.5060276111
X510,-121.385624111,38.4896781111
X511,-121.394226929,38.5802747143
X512,-121.355150083,38.6015205833
X513,-121.457397842,38.6337274737
X514,-121.447956143,38.6879626429
X515,-121.300635533,38.657124
X516,-121.297699364,38.7105205455
X517,-121.315905688,38.695241875
X518,-121.236873545,38.671729
X519,-121.383879375,38.478960125
X520,-121.349004417,38.4593709167
X521,-121.318055667,38.2614391111
X522,-121.441487474,38.3872940526
X523,-121.291960786,37.963945
X524,-121.293590188,37.975145875
X525,-121.220366647,37.9625476471
X526,-121.340972909,37.9955990909
X527,-121.303469533,38.0363582667
X528,-122.343335,37.58499985
X529,-122.2991147,37.532927
X530,-122.1952371,37.474809
X531,-122.182189933,37.4481576
X532,-122.411072571,37.8065286429
X533,-122.407118643,37.7996225714
X534,-122.451807214,37.7887015
X535,-122.456489667,37.7784924444
X536,-122.422579444,37.7830964444
X537,-122.429736556,37.7760213333
X538,-121.296250442,38.1936118052
X539,-121.281423091,37.820073
X540,-121.440446882,37.7577289412
X541,-122.478807652,37.6821598696
X542,-122.451722714,37.6395657143
X543,-122.449680636,37.6337825
X544,-121.914848538,37.3323260769
X545,-121.88936725,37.3417743333
X546,-121.909870533,37.3090240667
X547,-121.886627167,37.2566613889
X548,-121.849466083,37.3334824167
X549,-121.849808938,37.2996994375
X550,-121.831311667,37.3399743333
X551,-121.844989357,37.3499736429
X552,-121.8413663,37.3653341
X553,-121.859597947,37.4093684737
X554,-122.0044438,37.40196035
X555,-121.948351158,37.3846041053
X556,-121.974166182,37.3464
X557,-122.000031094,37.2821855313
X558,-122.045236214,37.3438685714
X559,-122.040824273,37.375711
X560,-122.0570026,37.3790469
X561,-122.074276786,37.3861392857
X562,-122.111078385,37.4148799231
X563,-121.877191091,37.2302238182
X564,-121.823628083,37.2551345
X565,-121.771831687,37.2299214375
X566,-121.854839647,37.2431039412
X567,-121.643684375,37.13480375
X568,-121.583869913,37.0256798696
X569,-121.577955625,37.0055035
X570,-122.208503833,38.1140360556
X571,-122.236921143,38.0962737143
X572,-122.014963556,38.2772507778
X573,-122.042261455,38.2540409091
X574,-120.98523835,37.59970215
X575,-120.9593545,37.5861072
X576,-119.74503753,37.907468755
X577,-122.809867169,38.7078933636
X578,-120.950643357,37.7380963571
X579,-121.038825412,37.6994491765
X580,-120.984203643,37.6717704286
X581,-121.004148947,37.6575297895
X582,-121.286208785,37.309441005
X583,-120.869410438,37.533213875
X584,-121.627395538,39.1339179231
X585,-121.780075571,38.5571644286
X586,-121.745422647,38.5495483529
X587,-121.765109636,38.6839811818
X588,-122.727380069,39.1747481117
X589,-122.638949917,38.9573426389
X590,-122.2518135,37.8016866667
X591,-122.237893778,37.8005801111
X592,-122.226550143,37.7823032857
X593,-122.215253417,37.78295325
X594,-122.192947467,37.7775216667
X595,-122.184159077,37.7339793846
X596,-122.258926929,37.8914027143
X597,-122.29682825,37.8741885
X598,-122.257679727,37.8541167273
X599,-122.231158474,37.7635964737
X600,-122.251247867,37.7605876
X601,-122.084361474,37.706221
X602,-122.067788,37.6868335238
X603,-122.106995684,37.6824422632
X604,-122.079620846,37.6578442308
X605,-122.095064,37.6539735
X606,-122.079323364,37.6437085455
X607,-122.069975889,37.6440096667
X608,-122.280088556,37.8042521111
X609,-122.276491769,37.8106940769
X610,-122.2666418,37.8069588
X611,-122.259131583,37.8113906667
X612,-122.253218533,37.8229707333
X613,-122.212732867,37.8056218
X614,-122.06685925,37.59372325
X615,-122.0178575,37.580846625
X616,-121.946644192,38.0239581923
X617,-122.071925556,37.9810410278
X618,-122.0344421,37.99298845
X619,-121.986839667,37.9694926667
X620,-122.044508944,37.9561082222
X621,-122.058099889,37.8905867778
X622,-121.9496904,37.74673575
X623,-121.977242515,37.7451485758
X624,-122.103514208,37.889474625
X625,-122.309156034,38.0027163103
X626,-120.336819076,38.5209025089
X627,-122.309522897,37.9753346207
X628,-122.310044364,37.9071771364
X629,-122.424681571,37.768213
X630,-121.535694124,39.9440790264
X631,-121.429923933,39.6840885036
X632,-121.56108508,39.50827088
X633,-121.71822327,39.3809268108
X634,-120.434572708,38.3680709656
X635,-122.425028787,39.2717127132
X636,-121.75164956,37.97344272
X637,-121.775081371,38.0111862857
X638,-121.895239176,38.0269978235
X639,-121.024316471,38.8372956703
X640,-120.295349471,38.7257807153
X641,-122.420029727,37.7947514545
X642,-122.406194833,37.7935043333
X643,-122.419875143,37.7854665714
X644,-122.412849375,37.784141
X645,-122.427650714,37.802183
X646,-122.447595909,37.7704584545
X647,-122.446040706,37.7652067647
X648,-122.431283,37.7596462143
X649,-122.439865929,37.7484077143
X650,-122.4024515,37.7614461667
X651,-122.4122873,37.7558248
X652,-122.412511158,37.7322738421
X653,-122.436023091,37.7181385455
X654,-121.19719275,38.7547510833
X655,-121.2621348,38.7373038
X656,-121.31102,38.7398406818
X657,-121.362280667,38.7378608333
X658,-121.325902111,38.8872151111
X659,-122.445066391,37.7296759565
X660,-122.483669062,37.760129125
X661,-122.480946286,37.7274329286
X662,-122.506552556,37.7616701111
X663,-122.481418182,37.7828577273
X664,-122.492764571,37.7764842857
X665,-122.420818143,37.7105051429
X666,-122.502853571,37.7832040714
X667,-121.276867909,37.9629006364
X668,-121.310939476,37.975025381
X669,-121.245050056,37.9542707222
X670,-121.356326917,38.0399306667
X671,-121.287896636,38.033085
X672,-121.231405182,37.8059492727
X673,-120.785122349,35.6387617951
X674,-120.484435934,35.5717651366
X675,-122.415295,37.7044283636
X676,-122.466682471,37.6982558824
X677,-122.485297368,37.6750835263
X678,-122.43387864,37.61774368
X679,-122.364619778,37.5813870556
X680,-122.319914783,37.5653787391
X681,-122.305621048,37.5279549524
X682,-122.303377077,37.5658524615
X683,-122.26184825,37.5615539167
X684,-122.282888571,37.5317091429
X685,-122.2768195,37.4887033333
X686,-121.41569,38.5670501765
X687,-121.9218815,37.3407632
X688,-121.874219538,37.3387144615
X689,-121.483935333,38.5833264444
X690,-121.435621235,38.5791881765
X691,-121.419618636,38.513354
X692,-121.509536143,38.5120350714
X693,-121.419498,38.49041425
X694,-121.4725921,38.5742937
X695,-121.922073292,37.319244
X696,-121.909481706,37.3001584706
X697,-121.926247741,37.2734017778
X698,-121.886711737,37.2774749474
X699,-121.854359733,37.2778450667
X700,-121.816406476,37.2934247619
X701,-121.781744625,37.3123215
X702,-121.833889333,37.3360908
X703,-121.853975462,37.3583601538
X704,-121.375233455,38.615368
X705,-121.492711,38.6318307
X706,-121.502656111,38.6201473333
X707,-121.533143364,38.608506
X708,-121.443318773,38.7175645455
X709,-121.380304737,38.6974871053
X710,-121.368699364,38.6641082727
X711,-121.386344625,38.7221743125
X712,-121.308409176,38.6310840588
X713,-121.321431077,38.6420349231
X714,-121.321468154,38.7032606154
X715,-121.834225643,37.3551205
X716,-121.88783765,37.3783417
X717,-121.866191733,37.3934788
X718,-121.88069,37.4097764286
X719,-121.902586667,37.451399
X720,-121.987343278,37.3482412222
X721,-121.984387043,37.3340556087
X722,-121.972113437,37.3127899375
X723,-121.955849813,37.2844419375
X724,-121.934720074,37.2401938519
X725,-122.022159957,37.2746379565
X726,-121.282044929,38.6845817857
X727,-121.146322294,38.6629062941
X728,-121.107269647,38.6532347059
X729,-121.37041225,38.557835
X730,-121.364455778,38.4179288889
X731,-121.360391467,38.4597508
X732,-121.392673071,38.4596012857
X733,-121.3449583,38.4023639
X734,-121.3402154,38.4374315
X735,-121.433094333,38.4444732593
X736,-121.155270706,38.6949154706
X737,-121.421188643,36.8479384286
X738,-122.036752118,37.3438307059
X739,-121.999634308,37.3548559231
X740,-122.050879917,37.378711
X741,-122.083401235,37.40553
X742,-122.12770725,37.4167673333
X743,-122.155826667,37.4433275833
X744,-122.11332815,37.3039281196
X745,-121.856379471,37.2133720588
X746,-121.825240625,37.264038875
X747,-121.591277421,37.0251989474
X748,-122.040944824,36.9699515882
X749,-122.224341769,38.0827311923
X750,-122.258549048,38.1277156667
X751,-122.181088462,38.0799056538
X752,-121.923984074,38.3455012222
X753,-121.966136125,38.3420048125
X754,-121.975130889,38.3953810741
X755,-122.452797867,38.2868905333
X756,-122.614851867,38.2385228
X757,-122.691276848,38.443720697
X758,-122.712486278,38.4581698889
X759,-120.943042111,37.6031565556
X760,-120.91155676,37.66558532
X761,-122.320559182,38.3228445455
X762,-122.262588187,38.160271
X763,-120.094011639,37.5458883148
X764,-122.748102889,38.4798540741
X765,-122.758131452,38.4407752258
X766,-120.093264197,37.4295793788
X767,-122.81162375,38.5548665
X768,-122.808825722,38.5455706667
X769,-123.621306671,39.4548436356
X770,-123.370068608,39.2513355407
X771,-123.289135402,39.112045454
X772,-123.185935142,38.976265728
X773,-120.618705556,37.3946723889
X774,-120.578965944,37.3556033333
X775,-120.459591615,37.3251018462
X776,-121.928150111,36.6039202222
X777,-122.973336057,38.6140528552
X778,-120.863981233,37.7529380333
X779,-120.944385389,37.7231888889
X780,-120.968621357,37.6849070714
X781,-120.901598658,37.2202479749
X782,-120.867719043,37.0494676087
X783,-121.660448154,36.7036503846
X784,-121.615994,36.6750794706
X785,-121.33232879,36.1781004436
X786,-121.90803832,36.60472296
X787,-121.831539583,36.6046209167
X788,-121.603492091,36.6622262727
X789,-121.7909128,38.6819347
X790,-120.96196817,36.2580752825
X791,-122.291927769,38.3170214615
X792,-121.692494477,36.2687658117
X793,-121.265010175,37.4603170655
X794,-120.841967813,37.484839125
X795,-121.625209588,39.1466972353
X796,-121.6261177,39.10634895
X797,-122.705407589,40.2056213238
X798,-122.374968795,38.2919594061
X799,-120.943966128,39.3036656667
X800,-122.225039229,38.4372596364
X801,-122.265992546,38.6269311857
X802,-121.188863152,39.2133415061
X803,-120.420826082,37.8144573825
X804,-121.532870467,38.5763693333
X805,-122.142774667,37.7273383333
X806,-122.179756792,38.7608828551
X807,-121.5497378,39.1236971
X808,-122.280260538,37.8236223077
X809,-122.248904231,37.817374
X810,-122.215554091,37.7960076364
X811,-122.196363412,37.7582495882
X812,-122.269503714,37.8753282857
X813,-122.260054,37.8636495556
X814,-122.111530579,37.6928859474
X815,-122.102093286,37.6295395714
X816,-121.854746087,37.6846736957
X817,-122.273063697,37.5264275152
X818,-122.21372232,37.48386624
X819,-122.1114118,37.4675846
X820,-121.889910875,37.284316
X821,-121.811033333,37.3549224167
X822,-121.881148,37.4320922727
X823,-121.961754,37.338055
X824,-121.970212353,37.2640315294
X825,-121.849610857,39.7642435
X826,-121.729283375,37.9984288125
X827,-121.710345,37.9078175217
X828,-121.768122864,37.9874893636
X829,-122.038319933,37.3114313333
X830,-122.106445077,37.4019955385
X831,-121.868996645,37.2118390645
X832,-121.8523936,37.2617453333
X833,-121.751544071,38.5648512857
X834,-122.545345317,38.2187846415
X835,-121.7694892,38.670386
X836,-123.336386069,38.6189510267
X837,-121.003716538,37.6215746923
X838,-120.8795158,37.520957
X839,-120.106225871,37.9426658388
X840,-122.313162467,38.3054908667
X841,-122.262165158,38.1729082632
X842,-121.475979583,38.5682519167
X843,-122.260483455,37.8666816364
X844,-123.499704699,38.9439507968
X845,-120.495957923,37.3191824615
X846,-121.664350071,36.6705102857
X847,-121.656896162,36.3983051918
X848,-121.124864421,36.2128522632
X849,-122.289607091,38.2868308182
X850,-121.274500687,38.7232966875
X851,-121.49013575,38.5328133333
X852,-121.463411643,38.503789
X853,-121.408739417,38.6030386667
X854,-121.440699857,38.6429258095
X855,-121.347604,38.6576197368
X856,-121.283625154,38.6581626154
X857,-120.69106571,39.7997848714
X858,-122.442827444,37.7194872222
X859,-122.48054275,37.7468899167
X860,-122.483982333,37.7746597778
X861,-121.309899562,37.923939125
X862,-121.432066364,37.7334544545
X863,-122.281544182,37.8164888182
X864,-122.1104745,37.661479
X865,-122.079383704,37.8732384074
X866,-122.414835273,37.7962788182
X867,-122.435085429,37.7850854286
X868,-122.438268182,37.7533394545
X869,-121.957915294,37.9607227059
X870,-122.743326178,38.1427368738
X871,-121.335819238,38.8003386667
X872,-120.781724248,39.1937587404
X873,-123.797493201,40.2688394569
X874,-121.2878982,38.0250979
X875,-121.823598476,37.3319825714
X876,-121.835905059,37.2721411765
X877,-122.270073563,38.121988875
X878,-121.315493176,38.0130733529
X879,-121.225055867,37.7904198
X880,-121.4713148,38.5488772667
X881,-122.118827571,37.4201680714
X882,-120.754555811,39.5629580227
X883,-122.221997813,38.1182356875
X884,-121.840756364,36.611216
X885,-122.257797,37.847519125
X886,-122.263901053,37.8306770526
X887,-122.289663846,37.88129
X888,-122.102308923,37.6632569231
X889,-121.961771231,37.5170754615
X890,-121.865251826,39.7644914783
X891,-121.89520025,38.0214265833
X892,-121.950806,37.7550623462
X893,-122.34669985,37.97505545
X894,-123.965619478,40.1990653309
X895,-121.237659222,38.7824502222
X896,-121.576016069,36.678518409
X897,-121.877257222,36.5825731111
X898,-121.470673429,38.519677
X899,-121.420148368,38.5011466316
X900,-121.393827593,38.5716534074
X901,-121.491990647,38.6648347647
X902,-121.317670769,38.5879647692
X903,-121.387520429,38.4316611429
X904,-122.022217333,37.3911518333
X905,-122.414176286,37.7905751429
X906,-122.431825071,37.7973509286
X907,-122.447480176,37.7785442353
X908,-122.3956316,37.7627099
X909,-122.49948765,37.75706705
X910,-122.507207278,37.7770433333
X911,-121.285057714,37.9534840952
X912,-121.30906825,37.9907385
X913,-121.285167538,38.1081398462
X914,-121.238957833,37.8196445
X915,-122.4349376,37.6663812
X916,-121.921865071,37.3032432857
X917,-121.878363769,37.2986206923
X918,-121.863531125,37.41729275
X919,-121.982304778,37.3606257222
X920,-122.06004004,37.39095036
X921,-121.813026364,37.2403321818
X922,-122.608841154,38.2445136154
X923,-121.033324923,37.6567688462
X924,-120.980957696,37.6205715217
X925,-121.7043335,38.5585662143
X926,-121.492668455,38.5651406364
X927,-122.109207294,37.4262132353
X928,-121.805730123,38.7947425685
X929,-121.855269267,37.4027774667
X930,-121.964162125,37.319740875
X931,-122.0445754,37.3297472667
X932,-121.131897333,38.652111
X933,-121.441090643,38.4691125714
X934,-121.196987997,39.4158671049
X935,-122.234073692,37.4564299231
X936,-121.906279261,37.277824087
X937,-122.297361462,37.8944266154
X938,-122.074710562,37.1611362145
X939,-122.233427619,37.7592707619
X940,-122.10238025,37.647451
X941,-122.856682857,38.6203922571
X942,-123.214239789,39.7043634435
X943,-123.656123746,39.1529227712
X944,-120.588045286,37.3422588571
X945,-122.707324176,38.3419112353
X946,-122.66949316,38.43518196
X947,-121.234819263,36.3395063036
X948,-121.762932095,36.659381619
X949,-122.23272495,37.81210035
X950,-122.592369608,37.9236006583
X951,-121.751384636,38.6694007273
X952,-120.860490538,37.5158923077
X953,-122.005032038,37.9431062308
X954,-122.33824724,37.95670312
X955,-121.083790625,38.6753956667
X956,-121.444588546,39.2706628486
X957,-122.041777655,37.6017764138
X958,-122.047134083,37.5652125833
X959,-121.9440868,37.7086494667
X960,-120.706980012,38.4862641578
X961,-120.556311602,38.2496494581
X962,-121.790008565,38.9690184209
X963,-122.412804556,37.7886901111
X964,-122.441850667,37.79771525
X965,-122.396136083,37.7324719167
X966,-121.277012625,38.746168125
X967,-122.4917394,37.7604423333
X968,-122.4841973,37.7786262
X969,-121.260216722,37.9524044444
X970,-121.30928,38.0153570769
X971,-121.288692455,38.0151441818
X972,-121.25239213,38.1297201304
X973,-121.444803571,37.7440725714
X974,-122.251854864,37.5581575
X975,-121.873559281,37.2858459062
X976,-122.146324143,37.7154875
X977,-121.7886484,37.3023512
X978,-121.398418182,38.4770184545
X979,-121.296647636,37.9981726364
X980,-121.918829143,37.7115389524
X981,-121.882643484,37.6570584839
X982,-121.866268652,37.6597966957
X983,-121.8651156,37.69754265
X984,-121.789234091,37.6497506364
X985,-121.814502541,37.6893598919
X986,-121.800300529,37.6663551765
X987,-122.046989,37.4608771667
X988,-120.568448597,38.4655466855
X989,-120.366096,36.1525346087
X990,-120.921701626,38.4829130158
X991,-120.880476836,38.2886681939
X992,-121.836942607,39.7675922857
X993,-121.860806179,39.7779576429
X994,-120.162290771,36.5421897396
X995,-120.475880206,36.8749011856
X996,-122.198106821,39.752707875
X997,-121.895243458,39.7669852917
X998,-121.864983105,39.7451018421
X999,-121.850670556,39.7375315556
X1000,-121.856818947,39.7349408421
X1001,-121.767428711,39.7168954737
X1002,-121.799284462,39.7502608718
X1003,-121.833707686,39.7285786
X1004,-121.882135708,39.6010362153
X1005,-121.5998355,39.8261789687
X1006,-121.61218945,39.7863754875
X1007,-121.525893966,39.5861704052
X1008,-121.523962448,39.5192392241
X1009,-121.61705042,39.50861007
X1010,-120.392603779,38.1935566866
X1011,-121.670682429,37.9941048571
X1012,-121.583911128,37.9082032308
X1013,-121.800301937,38.0064765
X1014,-121.836151425,37.99000475
X1015,-121.870969231,38.0385320962
X1016,-121.926998278,38.011157463
X1017,-121.94716775,38.0363851875
X1018,-122.127517958,38.0170237083
X1019,-122.104204667,38.0218926863
X1020,-122.112396667,37.9712868421
X1021,-122.08989175,37.9343056944
X1022,-121.986876577,37.9523848077
X1023,-122.034281222,37.9674759444
X1024,-122.043763286,37.948438
X1025,-122.087436264,37.9124203396
X1026,-122.044761387,37.8940923548
X1027,-121.927240636,37.7402710909
X1028,-121.972263471,37.8623432981
X1029,-121.9864795,37.8216098636
X1030,-122.255615842,37.8409751579
X1031,-122.132476295,37.9053458636
X1032,-122.13798846,37.87768752
X1033,-122.068780304,37.8564224348
X1034,-122.1062145,37.8239857667
X1035,-122.157375193,37.8282873333
X1036,-122.18038356,37.85683306
X1037,-121.930391178,37.9516759111
X1038,-122.229724265,38.0210217551
X1039,-121.843016887,37.9375261258
X1040,-121.802073618,37.9451805818
X1041,-121.794666769,37.9769000385
X1042,-121.904862588,37.8053082353
X1043,-121.883731804,37.7703477255
X1044,-121.975354222,37.9956666806
X1045,-122.257689846,37.8153304615
X1046,-122.251939067,37.8096424
X1047,-122.316539481,37.9231235556
X1048,-122.230437953,37.8639747209
X1049,-122.250493765,37.8475316471
X1050,-122.252644255,37.983684766
X1051,-122.3391085,37.9485995417
X1052,-122.35956116,37.93344196
X1053,-122.243464235,37.8046607647
X1054,-122.28488664,37.90716192
X1055,-122.749166227,38.9572125291
X1056,-122.258530077,37.8048885385
X1057,-122.23874713,37.8450998696
X1058,-122.2009829,37.8345369333
X1059,-122.2434115,37.7990841667
X1060,-122.2293703,37.7750141
X1061,-122.273716381,38.0244971429
X1062,-122.2167501,37.787912
X1063,-122.212099,37.7623015789
X1064,-122.203842556,37.7769513333
X1065,-122.184322773,37.8042834091
X1066,-122.207183121,37.7301215345
X1067,-122.172184368,37.7377243158
X1068,-122.28966625,37.8093774167
X1069,-122.309354,37.8930623043
X1070,-122.295300833,37.8873563333
X1071,-122.27062,37.8821735833
X1072,-122.2874379,37.8729444
X1073,-122.249979267,37.8681155333
X1074,-122.2935441,37.8645435
X1075,-121.073600922,38.7419893636
X1076,-121.007197637,38.7360674919
X1077,-120.90029371,38.7228145376
X1078,-120.763728881,38.7571436154
X1079,-122.245483929,37.855399
X1080,-122.300299722,37.8391455
X1081,-122.289696857,37.8436407143
X1082,-122.248534875,37.7757584167
X1083,-122.239253105,37.7548294211
X1084,-122.272960737,37.7669887895
X1085,-122.028339282,37.7212278592
X1086,-122.078180389,37.6932628333
X1087,-122.146834364,37.7368577727
X1088,-122.156899188,37.7329264375
X1089,-122.1682615,37.7186222857
X1090,-122.174167944,37.7237746111
X1091,-120.705251395,38.6867701092
X1092,-120.777461652,38.6546894928
X1093,-122.123880036,37.7211789273
X1094,-122.133138625,37.7035635417
X1095,-122.13831785,37.70850815
X1096,-122.155683882,37.6842831765
X1097,-122.113168226,37.6877815161
X1098,-122.124785517,37.6988254828
X1099,-121.975227533,37.6445581168
X1100,-122.11266288,37.6761546
X1101,-122.14736937,37.6721156667
X1102,-122.068345222,37.6595105185
X1103,-122.0809098,37.6359581333
X1104,-122.029491667,37.6210537667
X1105,-121.986907565,37.6209046706
X1106,-122.07402885,37.60584545
X1107,-122.045054143,37.5430965
X1108,-120.216301337,36.767053506
X1109,-120.248056041,37.1048223367
X1110,-120.265234824,37.1125711471
X1111,-122.542157512,38.135948064
X1112,-121.534177095,38.5075138095
X1113,-122.644921039,38.1162903766
X1114,-122.494047,38.0486836667
X1115,-122.520914687,38.0277153958
X1116,-122.672238827,38.015532518
X1117,-122.565427436,37.9747191538
X1118,-122.55000263,37.9478688219
X1119,-122.53577039,37.9364687797
X1120,-122.501639537,37.9303586111
X1121,-122.548263763,37.8947613289
X1122,-122.665831171,37.9250296857
X1123,-121.544128,38.4907120588
X1124,-121.534089452,38.4904438065
X1125,-121.522992043,38.4870516522
X1126,-121.498236417,38.4887091667
X1127,-121.486532462,38.488596
X1128,-121.492301,38.4758028421
X1129,-121.446836444,38.5188534444
X1130,-121.461197357,38.4879942857
X1131,-121.460340182,38.4783202727
X1132,-121.390531048,38.5505410476
X1133,-121.477496641,38.5894554103
X1134,-123.369605869,39.4182761971
X1135,-123.142529865,39.1305538798
X1136,-120.690324513,37.4372693274
X1137,-120.702784548,37.4081351781
X1138,-120.7286095,37.3862920833
X1139,-120.638132625,37.3646461458
X1140,-120.45065013,37.3123173043
X1141,-120.47528135,37.29145525
X1142,-120.448848593,37.2882025926
X1143,-120.182686992,37.2060781681
X1144,-121.610772267,36.684691
X1145,-121.441813,38.5736675882
X1146,-121.490625643,38.5762807857
X1147,-121.439458067,38.5632482667
X1148,-121.464047933,38.5537182
X1149,-121.482890692,38.5535943077
X1150,-121.51769125,38.5314270625
X1151,-120.495196795,37.44379192
X1152,-121.67794,36.6699086923
X1153,-121.656932,36.6878105926
X1154,-121.744661165,36.7449779806
X1155,-121.756073524,36.7660118095
X1156,-121.651597833,36.728706
X1157,-121.654555762,36.7259819524
X1158,-121.601121333,36.6896685
X1159,-121.615346412,36.6926328824
X1160,-121.621918147,36.6938478824
X1161,-121.633451554,36.5502201033
X1162,-121.507149675,36.4919607539
X1163,-121.2451949,36.3182458
X1164,-121.062619363,38.8855181
X1165,-121.206337606,38.7233909091
X1166,-121.279594581,38.7644574651
X1167,-121.342276684,38.7628138947
X1168,-121.322268882,38.7586044706
X1169,-121.28703511,36.4720805029
X1170,-121.922738941,36.5592397647
X1171,-121.94504157,36.5883906835
X1172,-121.912557643,36.6224441429
X1173,-121.904596867,36.6109739333
X1174,-121.785111863,36.6707795294
X1175,-121.336934107,38.7842255714
X1176,-121.30598005,38.76574525
X1177,-121.219328,38.7786833182
X1178,-121.235692287,38.8335677011
X1179,-121.254651286,38.778824381
X1180,-122.369259556,38.3937158333
X1181,-121.951006,37.3972735385
X1182,-121.637232976,36.654199122
X1183,-122.298447952,38.2935194286
X1184,-122.259476472,38.2886880556
X1185,-122.285904952,38.3035702857
X1186,-122.344812488,38.309997439
X1187,-121.200822512,38.8246749756
X1188,-121.188203875,38.8628457875
X1189,-121.272979064,38.9693148713
X1190,-121.056932986,38.9208727778
X1191,-120.98805189,38.9988190872
X1192,-122.423632539,38.5533082759
X1193,-121.038152463,39.0682992313
X1194,-121.2391682,38.76455792
X1195,-121.280278357,38.7899838571
X1196,-121.257471985,38.8563372687
X1197,-121.282648853,38.8730108824
X1198,-120.216157161,39.3557389425
X1199,-121.177316287,39.1100134139
X1200,-121.027016757,39.2560860809
X1201,-122.092143359,38.2929836923
X1202,-122.182766153,38.2450196412
X1203,-122.059295083,38.274577375
X1204,-122.025747727,38.3002904848
X1205,-121.978400049,38.2962688148
X1206,-122.065307303,38.2309102727
X1207,-121.9527664,37.5189769
X1208,-121.359192091,38.0006828182
X1209,-122.256583069,37.4451602917
X1210,-122.360131352,37.4462464
X1211,-122.16056816,37.4618162
X1212,-122.049501571,38.2648987857
X1213,-122.020854857,38.265996
X1214,-121.950935247,38.1455310112
X1215,-121.945502212,38.2730230909
X1216,-121.944030125,38.3402645
X1217,-121.96534,38.3244216364
X1218,-121.940797725,38.321533775
X1219,-121.972032083,38.3750571667
X1220,-121.915980484,37.2739499677
X1221,-121.037958867,37.6761652667
X1222,-121.941836622,37.2579288649
X1223,-122.4537492,38.1184023
X1224,-122.647304595,38.2741976667
X1225,-122.647543346,38.2500805
X1226,-122.672127417,38.2517520333
X1227,-122.630137024,38.3443434758
X1228,-120.953323212,37.6180375152
X1229,-120.856261317,37.6491716349
X1230,-120.940012912,37.5643655
X1231,-120.942366446,37.4888851846
X1232,-121.9024651,37.34767955
X1233,-121.927662444,37.3282440741
X1234,-121.870506357,37.3513057857
X1235,-121.858977909,37.342258
X1236,-121.886860158,37.3236576842
X1237,-121.909031667,37.3177982917
X1238,-121.157249095,37.675825164
X1239,-121.622248094,39.0888014688
X1240,-121.677294308,39.1579205385
X1241,-121.814511286,37.2809777619
X1242,-121.85132825,39.2073834744
X1243,-121.820788375,37.3127436875
X1244,-122.4095359,37.7946578
X1245,-122.4122101,37.7870404
X1246,-122.418141235,37.7796522353
X1247,-122.431400214,37.8004821429
X1248,-121.801395526,37.3181416842
X1249,-121.78720288,37.3065382
X1250,-121.809919636,37.301344
X1251,-121.838246957,37.3292393913
X1252,-121.839111077,37.3458386154
X1253,-121.86204375,37.3646085
X1254,-121.84458795,37.37774555
X1255,-122.726447067,38.4270310333
X1256,-123.684731337,39.3243210543
X1257,-122.427076636,37.792539
X1258,-122.438542267,37.7938505333
X1259,-122.441628857,37.7897508571
X1260,-122.4398487,37.7867919
X1261,-122.450653235,37.7843941765
X1262,-121.85951315,37.32591275
X1263,-122.685993614,38.4065023509
X1264,-122.659344825,38.3942182718
X1265,-122.423538667,37.7288738571
X1266,-122.665606983,38.4508645667
X1267,-122.747564841,38.5312453659
X1268,-122.758798852,38.4615617407
X1269,-121.898827462,37.4211608077
X1270,-121.915545056,37.4499296667
X1271,-122.405269625,37.7284244375
X1272,-122.429021,37.7199093846
X1273,-122.454292714,37.7116
X1274,-121.827131833,37.3593203889
X1275,-122.485755313,37.7867209375
X1276,-122.429140846,37.7797746923
X1277,-122.423732182,37.7774805455
X1278,-122.43144775,37.7678859167
X1279,-122.408537154,37.7769507692
X1280,-122.429952769,37.7651558462
X1281,-122.423775273,37.7593735455
X1282,-122.426613,37.7455220833
X1283,-121.784995796,37.3739408056
X1284,-121.877936643,37.3837977857
X1285,-121.871039091,37.4036318182
X1286,-121.8761388,37.4224232667
X1287,-121.907065231,37.4584449231
X1288,-122.840928827,38.4118890769
X1289,-122.881731237,38.4178925789
X1290,-123.003693891,38.531123235
X1291,-122.476093667,37.7773500833
X1292,-122.464495,37.7953496923
X1293,-122.469565095,37.7560874762
X1294,-122.452385179,37.75142425
X1295,-122.45024472,37.73810248
X1296,-122.4807997,37.762484
X1297,-122.478359471,37.7166806471
X1298,-122.461724091,37.7855777273
X1299,-122.393861435,37.7726641304
X1300,-122.47302061,37.7698051951
X1301,-121.327689353,37.9673669412
X1302,-121.965189429,37.4006811429
X1303,-121.945209889,37.4143864444
X1304,-121.959015769,37.3653324103
X1305,-121.9347426,37.3470989
X1306,-121.988096783,37.368319913
X1307,-121.961332444,37.3464203333
X1308,-121.941542778,37.3332459444
X1309,-121.98395455,37.3208348
X1310,-121.957936889,37.2980948889
X1311,-121.987048231,37.2798641538
X1312,-121.003644375,37.6993473125
X1313,-123.098194972,38.7692359954
X1314,-120.832692324,37.7711923529
X1315,-120.942270857,37.7262819048
X1316,-120.939985094,37.6548579063
X1317,-120.951266375,37.6721410625
X1318,-121.256763312,37.968201625
X1319,-121.256297438,37.930352625
X1320,-121.2891188,37.92885855
X1321,-121.307004771,37.9208082857
X1322,-121.2355381,37.9644145
X1323,-121.254486659,37.9175670682
X1324,-121.324230947,38.0065439474
X1325,-121.3281227,37.9966387
X1326,-121.359383688,37.9812213437
X1327,-121.331856,38.0242831
X1328,-121.335428542,38.04303
X1329,-121.97993825,37.2706639167
X1330,-121.935958928,37.2272572464
X1331,-121.977379559,37.2378862941
X1332,-121.982847487,37.2551845897
X1333,-122.055138219,37.3212436875
X1334,-122.01911075,37.3036869375
X1335,-122.010804563,37.315676875
X1336,-122.02603813,37.3440194783
X1337,-122.057058,37.36265268
X1338,-122.008072958,37.3693129583
X1339,-122.004581733,37.3906908
X1340,-120.968039792,37.659510125
X1341,-120.979122091,37.6551062727
X1342,-120.988323563,37.663384625
X1343,-121.032601022,37.6296273111
X1344,-121.017637321,37.6303581429
X1345,-121.018533467,37.6177847333
X1346,-120.971792056,37.6437602222
X1347,-120.9356635,37.644587
X1348,-120.92597425,37.6456323333
X1349,-120.963365205,37.6269431591
X1350,-121.003874238,37.6104695476
X1351,-121.349360071,38.6787517857
X1352,-121.361553538,38.6721798462
X1353,-121.35524265,38.0253701
X1354,-121.251793,38.0215032973
X1355,-121.201151558,37.9384819038
X1356,-121.476396358,38.1599189312
X1357,-122.076616839,37.3592497742
X1358,-122.132164955,37.4092780909
X1359,-122.130277357,37.4263125714
X1360,-122.163334824,37.4490677059
X1361,-122.126157638,37.3762575517
X1362,-121.268850545,38.1210507273
X1363,-122.164209245,37.4081788868
X1364,-121.374638154,38.6034462308
X1365,-121.375409182,38.6247422727
X1366,-121.392654867,38.6132346
X1367,-121.43155845,38.62204265
X1368,-121.458503917,38.6015737083
X1369,-121.507594133,38.6182544
X1370,-121.54329768,38.63692408
X1371,-121.57407693,38.6976920233
X1372,-121.428010714,38.7076647857
X1373,-121.395106371,38.6407358571
X1374,-121.343805361,38.1517770833
X1375,-121.258785393,38.1457732857
X1376,-121.289750091,38.6726817273
X1377,-121.141870471,38.6701778824
X1378,-121.106287025,38.095914049
X1379,-120.995457656,37.7969131875
X1380,-121.223262357,37.8024162143
X1381,-121.869781174,37.1988455413
X1382,-121.251620292,38.69035175
X1383,-121.176041406,38.7021758125
X1384,-121.164999571,38.6669432857
X1385,-121.808104695,37.1973412714
X1386,-121.816932444,37.2485350556
X1387,-121.811039722,37.2309918889
X1388,-121.814287429,37.2670555714
X1389,-121.3561609,38.7227217
X1390,-121.342683947,38.66878
X1391,-121.212780429,38.653763
X1392,-121.282776913,38.6388307391
X1393,-121.259158111,38.7146337222
X1394,-121.330809182,38.6962059545
X1395,-121.307571294,38.6829247647
X1396,-121.630462929,37.1115128571
X1397,-121.654943647,37.1162966471
X1398,-121.664470182,37.1248403636
X1399,-121.571284789,36.9865250789
X1400,-121.441406278,38.4007242222
X1401,-121.303247547,37.8230854105
X1402,-121.2293217,37.7934455
X1403,-121.435495684,37.7186138421
X1404,-121.421808,37.7524545294
X1405,-121.444350615,37.7338646154
X1406,-121.836273476,37.2375881429
X1407,-121.733423125,37.1767119327
X1408,-121.6734414,37.1186431714
X1409,-121.620981729,37.1550267083
X1410,-121.239769474,38.6268131053
X1411,-121.2969942,38.5981341333
X1412,-121.276950857,38.607762
X1413,-121.328198897,38.5857369655
X1414,-121.295906192,38.6137883846
X1415,-121.326316188,38.5654050625
X1416,-121.313348758,38.5472217576
X1417,-121.317616864,38.5721678182
X1418,-121.341500846,38.5559673077
X1419,-121.36657995,38.5653465
X1420,-121.355531158,38.5503815263
X1421,-121.378111417,38.4012129167
X1422,-121.356063375,38.4687790625
X1423,-121.285293556,38.2829271111
X1424,-122.05795403,36.9894434848
X1425,-122.003982722,36.9717274444
X1426,-121.769881148,36.9221736296
X1427,-121.432269867,38.4379854667
X1428,-120.970994801,35.6847633711
X1429,-121.782145692,36.9317725385
X1430,-121.429114857,38.416849
X1431,-122.059756394,37.0280917766
X1432,-122.012188289,37.0782739737
X1433,-121.401818533,38.459495
X1434,-121.279744354,38.4132770313
X1435,-121.151656271,38.4064497444
X1436,-121.437558222,38.4547601667
X1437,-122.462410769,37.7048225
X1438,-122.478858348,37.6924956087
X1439,-121.991029952,37.0283726855
X1440,-121.751176895,36.9495765088
X1441,-121.684858596,36.9367482298
X1442,-121.399274725,38.3149005229
X1443,-122.469784091,37.6695408636
X1444,-121.339844774,36.8883601034
X1445,-121.389910853,36.8544979412
X1446,-122.419678282,37.6691378718
X1447,-122.407028333,37.6619523333
X1448,-122.418508421,37.6566188947
X1449,-122.406967375,37.6505019167
X1450,-122.483787613,37.6586937742
X1451,-122.484415034,37.6356993448
X1452,-122.48221783,37.6181215319
X1453,-122.324110536,37.5402547857
X1454,-122.299575842,37.546162
X1455,-122.30311036,37.5702206
X1456,-122.486817127,37.5826937937
X1457,-122.415692857,37.6128158571
X1458,-122.40664975,37.5939872083
X1459,-122.37934129,37.5815973548
X1460,-122.335361071,37.5722151429
X1461,-122.321954222,37.5728300556
X1462,-122.206660615,37.7716338462
X1463,-122.269556462,37.5423969615
X1464,-122.289625778,37.5361905
X1465,-122.187413647,38.1294902794
X1466,-121.535741222,38.5491586296
X1467,-122.303204787,37.503764766
X1468,-122.278593896,37.5017624792
X1469,-122.253109553,37.471726617
X1470,-122.225845467,37.4713714667
X1471,-122.25462772,37.45945006
X1472,-122.170077667,37.4736367778
X1473,-122.129496841,37.4768508182
X1474,-121.574324409,39.1582239545
X1475,-122.20035476,38.0897002
X1476,-122.203549794,38.0744747059
X1477,-122.262567133,38.1106086667
X1478,-122.27798375,38.1496151875
X1479,-121.777393435,38.5375641304
X1480,-121.793657667,38.5511919333
X1481,-122.120826192,38.10249612
X1482,-121.758581412,38.5711617059
X1483,-121.722728316,38.5561052105
X1484,-122.0615539,37.6266376
X1485,-121.553090824,39.1002058824
X1486,-121.791128308,38.6721063077
X1487,-121.791184846,38.6667630769
X1488,-121.755682028,38.6787429943
X1489,-121.562318592,39.0015958571
X1490,-121.39751237,39.1160875652
X1491,-120.168762754,39.1689552105
X1492,-122.022951437,37.6004994375
X1493,-120.397607317,37.9889145122
X1494,-121.5202844,38.6441119333
X1495,-121.989651714,36.9655525714
X1496,-121.7951575,38.6595245
X1497,-120.354795902,36.1389847805
X1498,-122.281214684,37.8327905789
X1499,-122.266362217,37.7804176087
X1500,-120.563613677,36.5474694867
X1501,-120.639937455,36.8920214759
X1502,-122.483609588,39.6112326569
X1503,-121.964652451,39.5261074359
X1504,-122.294696667,37.8387787333
X1505,-121.728513357,37.6840053571
X1506,-120.159786621,35.8768663966
X1507,-122.853379487,39.1077999744
X1508,-122.65512829,38.9874913043
X1509,-122.545158313,38.8823689803
X1510,-122.2846938,37.7776396667
X1511,-122.259391273,37.8586633636
X1512,-122.268178158,37.8510395789
X1513,-122.301952182,37.8642488485
X1514,-122.278242917,37.8744886667
X1515,-122.260439917,37.8777423333
X1516,-122.283831083,37.8577734167
X1517,-122.269788938,37.7714531875
X1518,-122.281586,37.8502258125
X1519,-122.152310125,37.7471143333
X1520,-122.155960813,37.7452984375
X1521,-122.162845615,37.7410526923
X1522,-122.291306059,37.895304
X1523,-122.287379783,37.8870185652
X1524,-122.281984103,37.8901428966
X1525,-122.278034667,37.8811113333
X1526,-122.24179819,37.814783619
X1527,-122.249611133,37.8297866
X1528,-122.21658641,37.8471154872
X1529,-122.217123235,37.8276162941
X1530,-122.189364417,37.8209087778
X1531,-122.220585682,37.8054589545
X1532,-122.249822077,37.7968529231
X1533,-122.246008545,37.7935167273
X1534,-122.250589516,37.7878657097
X1535,-122.231333067,37.7854834
X1536,-122.2220186,37.7951231333
X1537,-122.208317231,37.7930715385
X1538,-122.219052941,37.7785552941
X1539,-122.185197478,37.7891445652
X1540,-122.175700688,37.7748120625
X1541,-122.188707773,37.7691825
X1542,-122.188538368,37.7540565263
X1543,-122.173013389,37.7530666667
X1544,-122.166793937,37.756158625
X1545,-122.254900091,38.0076206364
X1546,-122.285769111,37.9809917778
X1547,-122.317019625,37.9943835625
X1548,-122.070888,37.63564
X1549,-122.038955765,37.6191274706
X1550,-122.0605025,37.6175885476
X1551,-122.048181176,37.5917828235
X1552,-122.029200182,37.5900524545
X1553,-122.085990962,37.5800051154
X1554,-122.004355304,37.5713827391
X1555,-122.040061524,37.574945619
X1556,-122.039485857,37.5821795714
X1557,-122.008567261,37.4894504552
X1558,-121.764088889,37.6732201481
X1559,-122.277630667,37.7958241667
X1560,-120.892491347,38.3690878051
X1561,-120.653266492,38.3933296833
X1562,-121.96498595,37.5536327
X1563,-122.005268077,37.5483523846
X1564,-121.927741733,37.5084025333
X1565,-121.904862119,37.5272424762
X1566,-121.913183062,37.4729276875
X1567,-122.03580175,37.549742875
X1568,-122.055045329,37.5114080235
X1569,-121.825339853,39.7582225882
X1570,-121.936920203,37.6522625105
X1571,-122.060593903,37.9525664194
X1572,-121.954435224,39.7454031837
X1573,-121.581446132,39.7580995263
X1574,-121.887489,37.7059870714
X1575,-121.931554,37.710796913
X1576,-121.526074908,39.4368935517
X1577,-122.301194071,37.7854173929
X1578,-121.802771853,37.5744548973
X1579,-121.662821652,39.6979572589
X1580,-121.540236529,39.4936829118
X1581,-121.570752512,39.4730816829
X1582,-122.094018507,37.7597800986
X1583,-122.106400737,37.7220761842
X1584,-122.097447067,37.7040422333
X1585,-122.082044063,37.69858675
X1586,-122.046288288,37.6547628846
X1587,-122.03541322,37.6369522373
X1588,-121.837661343,37.6611305143
X1589,-121.848722558,37.7194457115
X1590,-121.668041422,37.5943260444
X1591,-121.771875744,39.4452657077
X1592,-122.101272152,37.9883372727
X1593,-120.643790659,37.9900276935
X1594,-122.092318937,37.6670101875
X1595,-122.085386571,37.6512727857
X1596,-122.112895643,37.6421137143
X1597,-122.087951667,37.6427664167
X1598,-122.094728824,37.9759887647
X1599,-122.0715756,37.9516228
X1600,-120.836651662,38.2055994487
X1601,-120.318785844,38.2353092294
X1602,-122.160451946,38.0195639054
X1603,-122.121930059,38.0060918824
X1604,-122.056843718,37.9794492564
X1605,-122.024063875,37.990246
X1606,-121.999899381,37.9813409524
X1607,-121.982324586,39.0243621409
X1608,-122.08412856,37.88465398
X1609,-122.038058733,37.9035148222
X1610,-121.673903536,37.9351796071
X1611,-122.00419447,39.1914615422
X1612,-121.718643205,38.0163163846
X1613,-122.05200308,37.86908418
X1614,-122.041076684,37.9665822632
X1615,-122.017329292,37.9584542083
X1616,-122.04640181,37.9416874762
X1617,-122.031679,37.9306273333
X1618,-122.047953531,37.9200127812
X1619,-122.018752082,37.9076857959
X1620,-121.60411276,37.8473802314
X1621,-121.608223063,37.9058889375
X1622,-121.827748542,38.014034875
X1623,-121.831621188,37.994725625
X1624,-121.796824828,37.9905449655
X1625,-121.867530846,38.0141063077
X1626,-121.882025476,38.0047970952
X1627,-122.032207739,37.8874275435
X1628,-121.977305759,37.7950922759
X1629,-122.427563,37.7263854167
X1630,-122.410542421,37.7226960526
X1631,-121.928156109,37.7657506727
X1632,-121.964128978,37.7976002222
X1633,-121.991775796,37.7816225
X1634,-122.034102179,37.8345100536
X1635,-121.965995621,37.8452467053
X1636,-121.926876581,38.0168033548
X1637,-121.916414625,38.032130625
X1638,-121.968432813,38.0424462187
X1639,-122.4395932,37.7138642667
X1640,-121.953750062,37.8212958125
X1641,-121.91668212,37.76561896
X1642,-121.893827147,37.7472028529
X1643,-121.966931051,37.9383914359
X1644,-122.212783632,37.9514881435
X1645,-122.285481364,38.0140646818
X1646,-122.420209,37.73419255
X1647,-122.444589158,37.7096811053
X1648,-122.455894815,37.7585294815
X1649,-122.4678544,37.7630497
X1650,-122.47017735,37.7521236
X1651,-122.330337588,37.940684
X1652,-122.355257611,37.9485713333
X1653,-122.388218241,37.9402097759
X1654,-122.342308538,37.9121820385
X1655,-122.3350515,37.9309025
X1656,-122.295595969,37.9238288125
X1657,-122.306789538,37.9171241538
X1658,-122.298070231,37.901644
X1659,-122.2763025,37.9097187727
X1660,-121.827564077,37.343669
X1661,-120.970586447,38.5822535329
X1662,-120.958684346,38.6882813269
X1663,-121.255171687,38.7243109375
X1664,-121.295068333,38.7285668571
X1665,-121.299283071,38.7833103571
X1666,-121.319808056,38.7671948889
X1667,-121.076920423,38.8924251154
X1668,-121.379965647,38.8643180588
X1669,-121.065614314,38.9825281
X1670,-120.940508267,38.6312662148
X1671,-121.010513431,38.676771
X1672,-120.93410046,38.7741155155
X1673,-120.687457038,38.7515658987
X1674,-122.4158068,37.7831439
X1675,-121.021816973,39.0090121067
X1676,-120.62588381,38.731465419
X1677,-122.43170375,37.806827625
X1678,-120.877170263,38.5916656488
X1679,-121.047830179,38.6675486923
X1680,-121.072424676,38.9072400294
X1681,-121.143573667,38.8898398958
X1682,-122.43895645,37.7695572
X1683,-121.124361019,38.7863918774
X1684,-121.241547079,38.7290688947
X1685,-122.237881733,37.7388426333
X1686,-122.39929405,37.7996886
X1687,-122.4102145,37.7991445
X1688,-122.413441818,37.7931774545
X1689,-122.40492925,37.7903160625
X1690,-122.409916222,37.7910867778
X1691,-122.4119478,37.7857339
X1692,-122.410909368,37.7796994737
X1693,-121.2292186,37.8189108667
X1694,-122.4018235,37.782115625
X1695,-122.330981,37.78442025
X1696,-122.444054158,37.7589932632
X1697,-122.445207552,37.7523069655
X1698,-122.419153308,37.7594955385
X1699,-122.43042475,37.7542650833
X1700,-122.429407727,37.7493867273
X1701,-122.438464095,37.7453354762
X1702,-122.42986705,37.7373654
X1703,-122.406246143,37.7592165
X1704,-122.410746667,37.7514255556
X1705,-122.402072733,37.7342566667
X1706,-122.414468174,37.7438921304
X1707,-122.421551,37.737591
X1708,-121.288450818,37.8184494545
X1709,-121.028218008,37.7763378462
X1710,-122.487042714,37.7321393333
X1711,-121.248743073,37.716223199
X1712,-121.224700704,37.7828254074
X1713,-121.495387292,37.7177623958
X1714,-121.365699673,37.785422708
X1715,-121.443785273,37.7506137273
X1716,-121.421968833,37.7316816667
X1717,-121.2852573,37.7191805643
X1718,-122.479755125,37.7193140625
X1719,-121.473834897,37.6023648763
X1720,-122.504795385,37.7420476154
X1721,-122.165755109,37.4877005
X1722,-122.469234846,37.7845673077
X1723,-122.421914929,37.6224175
X1724,-122.146013524,37.4670266667
X1725,-122.186082263,37.4437014211
X1726,-122.194161111,37.4350712593
X1727,-122.210496579,37.4722624211
X1728,-122.409885167,37.623597625
X1729,-122.371268714,37.5920049048
X1730,-122.416428238,37.6874868254
X1731,-122.456160833,37.6975320333
X1732,-122.491142939,37.677028697
X1733,-122.215622933,37.4451035778
X1734,-122.186630944,37.4667540556
X1735,-122.344939667,37.5676754
X1736,-122.205007333,37.4236038333
X1737,-122.216238216,37.3769255603
X1738,-122.48824113,37.6909167391
X1739,-122.46566652,37.68770384
X1740,-122.478626524,37.669026
X1741,-122.4707228,37.65755445
X1742,-122.455580667,37.6626734286
X1743,-122.406448222,37.6280331852
X1744,-122.418731,37.6012381538
X1745,-122.387677129,37.5794577258
X1746,-122.331794937,37.5813754375
X1747,-122.2939335,37.572573375
X1748,-122.326385077,37.5624295385
X1749,-122.338779532,37.5284598085
X1750,-122.345319241,37.5230016207
X1751,-122.31206081,37.5328122381
X1752,-122.31371425,37.5441923125
X1753,-122.259472,37.5518346667
X1754,-122.262879844,37.5414653125
X1755,-122.28414563,37.5457198519
X1756,-122.311309759,37.516922069
X1757,-122.234508464,37.4676851429
X1758,-122.283182862,37.4974649846
X1759,-122.269054595,37.4632455316
X1760,-122.248618771,37.4802314
X1761,-122.242172111,37.4845182222
X1762,-122.278002667,37.408732766
X1763,-122.294931366,37.3269553745
X1764,-122.488785538,37.7825619231
X1765,-121.265641793,38.8568456552
X1766,-121.2609015,38.8751817059
X1767,-121.315894567,38.8593335333
X1768,-122.468492154,37.7773763846
X1769,-120.942860551,39.9358738717
X1770,-122.491327,37.7532112
X1771,-122.466901,37.7483317917
X1772,-122.456779545,37.7434918182
X1773,-122.453360692,37.7192161538
X1774,-122.468507286,37.7192148571
X1775,-122.456727955,37.7151324091
X1776,-122.482154231,37.7526957692
X1777,-122.496623467,37.7770320667
X1778,-122.504672667,37.7795518333
X1779,-122.491768333,37.7250472963
X1780,-122.390871235,37.7369148235
X1781,-122.398812375,37.7538865
X1782,-123.006847545,37.6984813636
X1783,-122.418493897,37.7173081724
X1784,-121.298937476,37.9524638095
X1785,-121.290130048,37.9439841905
X1786,-121.319049794,37.9398047647
X1787,-121.327516273,37.9781965455
X1788,-121.299618167,37.9855641667
X1789,-121.256882467,37.9758386667
X1790,-121.279385762,37.9261740952
X1791,-121.356474,38.0235927857
X1792,-121.3173271,38.0239143
X1793,-121.301749933,37.9965341333
X1794,-121.301486,38.0253444444
X1795,-121.294906647,38.0066421176
X1796,-121.178209451,38.0211086056
X1797,-121.31596506,38.168383
X1798,-121.2979868,38.1229468
X1799,-121.298787917,38.1072728333
X1800,-121.467008743,37.9116017975
X1801,-121.146783976,38.1649202143
X1802,-121.106937561,38.2445279439
X1803,-121.051110699,38.0382200531
X1804,-121.978589927,36.9972830732
X1805,-121.970279769,36.9643763462
X1806,-121.91870301,37.02629725
X1807,-121.930618375,36.9865803281
X1808,-121.876156,36.9800284416
X1809,-121.8107675,36.903044
X1810,-121.44290885,38.5522256
X1811,-121.364410176,36.8059957451
X1812,-121.3767516,38.68709205
X1813,-121.805882766,37.010871378
X1814,-121.476553231,38.562228
X1815,-121.410230462,38.5775883846
X1816,-121.406716111,38.5851842222
X1817,-121.358979263,38.5813786316
X1818,-121.341715687,38.5861993125
X1819,-121.390749,38.6254127333
X1820,-121.408372286,38.6201302857
X1821,-121.419821636,38.6427070909
X1822,-121.442456727,38.6230726364
X1823,-121.455532333,38.6164464583
X1824,-122.017369727,37.3443971364
X1825,-122.058318333,37.343072875
X1826,-122.0415868,37.3555352667
X1827,-122.041317333,37.364942
X1828,-121.359553385,38.6870688462
X1829,-122.002588,37.361297087
X1830,-122.030837923,37.3728982308
X1831,-122.006361676,37.3805370588
X1832,-122.061214,37.3794542727
X1833,-122.056913423,37.3989824615
X1834,-122.079772533,37.3898666
X1835,-121.509745435,38.555384
X1836,-121.446194154,38.6608686154
X1837,-121.46084015,38.68233555
X1838,-122.07208268,37.36961564
X1839,-121.473745125,38.6297280625
X1840,-121.55306669,38.6448747241
X1841,-121.542423097,38.6217189355
X1842,-121.492573966,38.6441159655
X1843,-121.526632941,38.6734667941
X1844,-121.5030913,38.6762831
X1845,-121.57181384,38.66044392
X1846,-121.482953,38.5482265455
X1847,-122.094501171,37.3839725429
X1848,-122.100999083,37.3716835278
X1849,-122.115922583,37.375289875
X1850,-122.121451345,37.3926597586
X1851,-122.133492952,37.4466366667
X1852,-122.15809075,37.422516625
X1853,-122.098537167,37.35385625
X1854,-121.317305571,38.673054381
X1855,-121.435162,38.5430392857
X1856,-121.815020933,37.3434700667
X1857,-121.39387732,38.71412668
X1858,-121.376760611,38.7209291667
X1859,-121.355864882,38.7121981176
X1860,-121.337716769,38.6314546154
X1861,-121.336116619,38.601344
X1862,-121.30274575,38.6429768333
X1863,-121.259117417,38.6594096667
X1864,-121.302366611,38.6984894444
X1865,-121.326637444,38.6817433333
X1866,-121.332560929,38.6663235
X1867,-121.395156083,38.5603061667
X1868,-121.892078529,37.3591894706
X1869,-122.129596596,37.3535617128
X1870,-121.8550198,37.2211894
X1871,-121.891223409,37.2282869091
X1872,-121.884440727,37.2441774091
X1873,-121.767950531,37.2552461837
X1874,-121.868800389,37.2605161667
X1875,-121.85893381,37.25295
X1876,-121.8245145,37.2303154286
X1877,-121.794289,37.2331172439
X1878,-121.4549331,38.57927425
X1879,-121.487878182,38.5722026364
X1880,-121.459549077,38.5682072308
X1881,-121.432679571,38.5358054762
X1882,-121.489870083,38.5241329167
X1883,-121.4785037,38.5336188
X1884,-121.8467405,37.3619199167
X1885,-121.849838412,37.3837236471
X1886,-121.82837924,37.37410632
X1887,-121.814907448,37.3647102759
X1888,-121.819531392,37.3826916667
X1889,-121.8548303,37.3889928
X1890,-121.871995857,37.3865187143
X1891,-121.892346206,37.3763416765
X1892,-121.86853525,37.3726857
X1893,-121.882699235,37.3993698824
X1894,-121.8981748,37.4411295333
X1895,-121.870403778,37.4256329444
X1896,-121.629184171,37.0302692439
X1897,-121.429291844,38.5872446875
X1898,-121.427523429,38.603644
X1899,-121.512493148,38.501054037
X1900,-121.52487112,38.5092624
X1901,-121.448396,38.4864628235
X1902,-121.420502714,38.5617957857
X1903,-121.906678556,37.3404527037
X1904,-121.883756667,37.3350324167
X1905,-121.878642071,37.3476257857
X1906,-121.866221455,37.3456712727
X1907,-121.87579575,37.330111
X1908,-121.847235131,37.4309288033
X1909,-121.865941369,37.4586222308
X1910,-121.964568667,37.3595505
X1911,-121.991329765,37.3609829412
X1912,-121.986022818,37.3422173636
X1913,-121.9464625,37.35102
X1914,-121.956294083,37.3303244167
X1915,-121.971971375,37.33103125
X1916,-121.99187075,37.3017636071
X1917,-121.9861785,37.3138942917
X1918,-121.974764062,37.30359775
X1919,-121.931153375,37.3219832917
X1920,-121.925143,37.3129527368
X1921,-121.920654458,37.2985692917
X1922,-121.915770042,37.2898789583
X1923,-121.926982455,37.2869597273
X1924,-121.938618433,37.2711996667
X1925,-121.923185519,37.2561908519
X1926,-121.898504412,37.2637504706
X1927,-121.885597,37.2512252857
X1928,-121.884511737,37.2681923158
X1929,-121.945703111,37.3024686111
X1930,-121.949435963,37.2753258519
X1931,-121.970698316,37.2895449474
X1932,-121.963201632,37.2761031579
X1933,-121.954588794,37.2419256765
X1934,-121.988473147,37.2188576105
X1935,-121.967420176,37.2483347353
X1936,-122.005592825,37.25950625
X1937,-122.017394833,37.2886216667
X1938,-121.821735667,37.2905052778
X1939,-121.833551,37.31145825
X1940,-121.837284412,37.3020788235
X1941,-121.769699114,37.3531509545
X1942,-121.774260619,37.3320428095
X1943,-121.763982098,37.3264311961
X1944,-122.402249364,37.7215028182
X1945,-121.772226122,37.282141102
X1946,-121.804682357,37.3069111429
X1947,-122.058202508,37.2720746508
X1948,-122.06385252,37.29799206
X1949,-122.0293881,37.30276415
X1950,-121.840092875,37.3330228125
X1951,-122.412391583,37.7131399167
X1952,-121.853121211,37.3449608421
X1953,-120.374467895,39.2352510391
X1954,-121.156167484,37.7270440323
X1955,-122.494313758,37.5417937143
X1956,-121.277513417,38.6719895833
X1957,-121.2839466,38.7163294
X1958,-121.2553214,38.6869645333
X1959,-121.235936412,38.7003762353
X1960,-121.205078,38.7032538571
X1961,-121.151905136,38.6813344545
X1962,-121.174599227,38.6753172727
X1963,-121.182311739,38.6516567826
X1964,-121.124914571,38.6770408571
X1965,-121.516292439,37.0096893415
X1966,-121.571332188,37.0155943125
X1967,-121.996634881,36.9980870476
X1968,-122.064561811,36.9741688108
X1969,-122.0160498,36.97418
X1970,-122.027040615,36.9668475769
X1971,-121.742120893,36.9217605
X1972,-121.770409194,36.9061960645
X1973,-121.120385414,38.6679676552
X1974,-121.24770924,38.6300694
X1975,-121.236276154,38.5520515385
X1976,-121.297160548,38.4709213333
X1977,-121.316776375,38.4681988125
X1978,-121.769572143,36.9311047143
X1979,-121.792383063,36.9380960938
X1980,-122.160475529,37.0874463606
X1981,-122.087213489,37.0786250638
X1982,-122.001246361,38.3524398889
X1983,-121.133738752,38.2937967238
X1984,-121.271068968,38.2616498387
X1985,-121.428809538,38.4025970769
X1986,-121.428448357,38.3878927143
X1987,-121.408108333,38.4293923889
X1988,-121.37542708,36.83192964
X1989,-122.036779063,37.0980600208
X1990,-121.847925905,38.4426921905
X1991,-121.939671409,38.2601053409
X1992,-121.899199638,37.0844579043
X1993,-122.031033062,38.247292125
X1994,-121.999778,38.2485179333
X1995,-122.035862585,38.4262449532
X1996,-122.233432609,38.136330913
X1997,-122.43966751,38.3206876458
X1998,-122.527814423,38.3081797928
X1999,-121.604369879,38.6949248106
X2000,-122.227661579,38.1484189474
X2001,-122.64120731,38.2658814828
X2002,-122.630511841,38.202457619
X2003,-122.654590229,38.2433101714
X2004,-122.905677099,38.4781140423
X2005,-122.046565514,38.5766434769
X2006,-122.808315642,38.0488547695
X2007,-121.421576412,39.1500136682
X2008,-122.64277885,38.5184462383
X2009,-123.01252708,38.4780445089
X2010,-122.741601433,38.5796550821
X2011,-122.826753564,38.6161483
X2012,-122.177745188,38.0589942187
X2013,-122.19452631,38.1053116897
X2014,-122.987736617,38.3773291917
X2015,-121.879663086,36.4955202105
X2016,-122.166764688,38.0625093125
X2017,-121.384005655,36.5736848629
X2018,-121.08101226,37.5450724046
X2019,-122.105873601,39.9011656884
X2020,-122.221065382,38.2346003949
X2021,-122.351020722,38.3780879272
X2022,-122.2174625,38.0723695
X2023,-122.2436708,38.08882876
X2024,-122.258202,38.1018043077
X2025,-122.472706567,38.4755111106
X2026,-122.544917949,38.6068712051
X2027,-122.250243438,38.1121548125
X2028,-122.267776556,38.1173471111
X2029,-122.141055407,38.1569657901
X2030,-121.110939414,39.1692290733
X2031,-120.322731225,37.928009935
X2032,-121.007949667,37.6019527273
X2033,-120.966034294,37.6044791765
X2034,-120.966708786,37.6160615357
X2035,-120.639189158,37.6848222178
X2036,-120.919430147,37.6034011471
X2037,-121.144943893,37.4683209643
X2038,-120.789479889,37.5121627778
X2039,-120.861908382,37.4715624118
X2040,-120.834196,37.49129864
X2041,-120.834965389,37.5133518333
X2042,-121.621378767,39.1569819
X2043,-121.612047136,39.1345761818
X2044,-121.612809,39.1215632222
X2045,-121.656981783,39.119812
X2046,-121.655409364,39.0991238636
X2047,-121.637070735,39.1679735882
X2048,-121.67701862,39.2344794674
X2049,-122.703152616,38.3148777671
X2050,-122.707063677,38.3211298387
X2051,-122.699183826,38.3574852174
X2052,-122.684872619,38.3384971905
X2053,-122.6816646,38.3272953
X2054,-121.538720634,38.8841444286
X2055,-122.214105975,39.9215909375
X2056,-122.731775037,38.439169037
X2057,-122.62467901,38.41441269
X2058,-122.598761604,38.4217960901
X2059,-122.655978795,38.4636355
X2060,-122.775520892,38.4981601892
X2061,-122.749243609,38.4571715652
X2062,-122.803496968,38.4746215714
X2063,-122.79920482,38.4305825574
X2064,-122.734254042,38.418664625
X2065,-122.775296612,38.39057985
X2066,-122.30440945,38.3356719
X2067,-122.319112579,38.3150965789
X2068,-122.801778622,38.3838181351
X2069,-122.3315404,38.3325170667
X2070,-122.326134621,38.2951377586
X2071,-122.794675468,38.3400427234
X2072,-122.881187232,38.3434876
X2073,-123.016770505,38.8094419907
X2074,-122.280449277,38.2034294096
X2075,-120.795008154,37.8405296098
X2076,-121.058460552,37.7374398476
X2077,-120.94907,37.6596165
X2078,-122.478840206,38.5078656176
X2079,-121.051693472,39.1200249551
X2080,-121.098936125,39.0752902422
X2081,-121.069833471,39.2361100857
X2082,-121.766356353,38.6595322941
X2083,-121.030470068,39.2156828108
X2084,-120.261070247,39.3373698082
X2085,-120.179977853,39.3432113382
X2086,-121.740737923,38.6711926923
X2087,-121.594081163,39.1485152791
X2088,-121.587580935,39.1069465217
X2089,-121.5447035,39.0872675
X2090,-121.404566343,39.0346375051
X2091,-120.49441135,37.3087835
X2092,-120.477447154,37.3054325385
X2093,-120.451755042,37.3054834583
X2094,-120.478371222,37.2822213704
X2095,-120.419840682,37.3479480227
X2096,-120.353936027,37.3803641727
X2097,-120.822425045,37.0617069091
X2098,-120.621570111,36.9794149722
X2099,-120.423355775,37.29395285
X2100,-121.622863036,36.7298597143
X2101,-121.620766893,36.7144239643
X2102,-121.633039,36.6823035143
X2103,-121.609540556,36.6874087222
X2104,-121.655782056,36.6753905
X2105,-122.540258968,38.104853129
X2106,-121.669307375,36.688957625
X2107,-121.768617449,36.8752151685
X2108,-121.693503981,36.8444331553
X2109,-121.6751938,36.8165975333
X2110,-121.918775015,36.5512784559
X2111,-121.913836111,36.6192243889
X2112,-121.929965037,36.6254438889
X2113,-121.800028818,36.7112006061
X2114,-122.58445992,38.09718464
X2115,-122.560678667,38.0899185238
X2116,-122.518935,38.0552862093
X2117,-122.496407,38.0036402542
X2118,-122.589790186,38.0353706143
X2119,-122.550286333,37.9841916061
X2120,-122.537230879,37.9699478182
X2121,-122.501421359,37.9600717179
X2122,-121.818813092,36.5764868716
X2123,-121.855712659,36.59465575
X2124,-121.798244118,36.6530327059
X2125,-121.749574827,36.8370865433
X2126,-122.274750107,38.2882257857
X2127,-122.522474394,37.9015588485
X2128,-121.572595952,38.5457052381
X2129,-121.556288719,38.5128665
X2130,-122.593318687,37.972497
X2131,-122.5306572,37.94549596
X2132,-122.522087241,37.9508753103
X2133,-122.5242044,37.925107175
X2134,-122.463674654,37.8745484615
X2135,-122.541223825,37.9128692632
X2136,-122.530259605,37.870965686
X2137,-122.500050543,37.8668302
X2138,-123.800326891,39.4294741304
X2139,-123.232535155,39.1447673944
X2140,-120.785491491,37.4066769474
X2141,-120.373715333,37.9948064306
X2142,-120.478734824,37.3185724706
X2143,-120.555570679,37.3273961429
X2144,-122.91569275,39.0504095208
X2145,-121.935687292,37.3059734583
X2146,-121.939506156,37.2804211875
X2147,-121.8515254,37.3272885
X2148,-121.831111045,37.3056109545
X2149,-121.797472857,37.3417622143
X2150,-121.792499455,37.3340278182
X2151,-121.7436004,37.2840145429
X2152,-121.867822588,37.3585931176
X2153,-121.835740931,37.3828147241
X2154,-121.827584608,37.412804
X2155,-122.091441019,37.4373205926
X2156,-122.491259475,38.321641425
X2157,-122.018102267,37.5288547333
X2158,-122.467646764,38.3428353333
X2159,-122.55629496,38.4673152318
X2160,-122.6641585,38.4781395294
X2161,-122.734267727,38.4348567576
X2162,-121.913950091,37.7235309091
X2163,-122.828783605,38.3843478421
X2164,-122.780611731,38.5334854615
X2165,-120.986282188,37.6991725
X2166,-121.048946913,37.6622993478
X2167,-120.9850445,37.6835826667
X2168,-120.993194125,37.6509384375
X2169,-122.02190425,37.40154075
X2170,-121.923353178,37.3909127778
X2171,-121.924412606,37.365579697
X2172,-121.971073636,37.2819020909
X2173,-121.93771,37.2469511143
X2174,-122.2938427,37.91395695
X2175,-121.023224333,37.6169978
X2176,-121.882963095,37.6718343333
X2177,-120.917381655,37.6418382182
X2178,-120.9532641,37.6030193
X2179,-121.126088813,37.474289375
X2180,-121.629961133,39.1183942
X2181,-121.639135667,39.1535998
X2182,-122.087888085,39.9835656099
X2183,-120.986812,38.6630379091
X2184,-121.869696765,37.6715590588
X2185,-121.519645619,38.5916452857
X2186,-121.784370462,37.6911324615
X2187,-122.31655875,37.8039221667
X2188,-120.752923885,38.3233868086
X2189,-121.644122618,39.7570824182
X2190,-121.50647892,39.4891438
X2191,-120.759492256,38.1014182222
X2192,-121.740168603,37.8947625238
X2193,-121.787516875,38.00912
X2194,-121.815508905,37.986662619
X2195,-121.864485812,38.0040424375
X2196,-121.925313225,37.9936319375
X2197,-122.027720882,38.0345213529
X2198,-122.077494641,37.960523641
X2199,-122.048331069,37.9581613448
X2200,-122.018795882,37.9193421176
X2201,-122.291190205,37.9434032692
X2202,-122.022285216,37.8090995227
X2203,-122.120675371,37.9301537197
X2204,-122.0647665,37.8645667308
X2205,-122.140155517,37.8553606207
X2206,-121.907984256,37.7888293256
X2207,-122.256610735,38.0432700588
X2208,-122.278646583,38.0103398333
X2209,-122.331035552,37.9718466552
X2210,-122.357276,37.9290984444
X2211,-120.808943766,38.6933647447
X2212,-122.265884333,37.8484454667
X2213,-122.273572632,37.8312217368
X2214,-122.208582412,37.8118884118
X2215,-122.230609563,37.7980703125
X2216,-122.20085136,37.80289616
X2217,-122.197171167,37.76961775
X2218,-122.18645208,37.7816814
X2219,-122.182965957,37.7660022609
X2220,-122.179266583,37.7454209167
X2221,-122.030776138,37.2368456897
X2222,-122.055564755,37.3346435306
X2223,-122.080499667,37.3393813333
X2224,-122.276124357,37.8980435357
X2225,-122.241910478,37.824219
X2226,-122.0663972,37.6811145333
X2227,-122.101443778,37.6747913333
X2228,-122.065329029,37.6716206471
X2229,-122.149600393,37.4521904286
X2230,-121.765546959,37.7244619452
X2231,-122.393934935,37.6072203548
X2232,-121.930665295,37.1673298714
X2233,-121.866726762,37.2456780476
X2234,-121.637325485,37.0989854545
X2235,-121.823728045,38.4507500455
X2236,-122.112489182,37.611213375
X2237,-121.929252467,37.5310648
X2238,-121.605870087,37.0638455652
X2239,-121.590068647,36.9812877353
X2240,-122.16490035,37.4280823
X2241,-122.061844154,36.9562523077
X2242,-122.13805137,37.1333927101
X2243,-121.878409,36.9569855278
X2244,-122.34689873,37.5457082698
X2245,-122.323217821,37.5232305897
X2246,-122.288601548,37.5625974839
X2247,-122.276124108,37.5586724324
X2248,-122.2876355,37.5204582917
X2249,-122.2637785,37.4958101364
X2250,-122.281538163,37.4837430204
X2251,-122.203537478,37.4313724565
X2252,-121.967262864,38.3531375909
X2253,-121.783893411,38.1860946518
X2254,-121.723384607,38.5407098214
X2255,-121.788990714,38.6894643571
X2256,-121.571421,39.12856
X2257,-121.605906437,36.697098375
X2258,-121.926054952,36.6122214286
X2259,-121.886695097,36.5912421613
X2260,-120.126547536,37.104334392
X2261,-120.155856356,36.9883866164
X2262,-122.59090169,38.1158774138
X2263,-122.602196667,38.0063881875
X2264,-123.20147131,39.1547592586
X2265,-121.674120111,36.5855227677
X2266,-120.572063241,37.4328046627
X2267,-120.513550318,37.2975248636
X2268,-120.646808874,37.0652554495
X2269,-121.849184296,36.6142454815
X2270,-121.754569139,36.6170454503
X2271,-121.774049025,36.7035738
X2272,-122.271967204,38.3120935185
X2273,-122.456940318,38.50325675
X2274,-121.082528026,39.2095983636
X2275,-121.8475404,38.0023092
X2276,-121.346087692,38.7780093846
X2277,-121.231741207,38.7943643448
X2278,-121.261074187,38.8048821875
X2279,-121.285761862,38.8964622414
X2280,-120.952636924,39.0675346751
X2281,-122.49238075,37.9065648269
X2282,-121.475130611,38.4228910556
X2283,-121.459819333,38.5428339333
X2284,-121.52549881,38.4812
X2285,-121.476524778,38.4900523333
X2286,-121.423799783,38.5054448696
X2287,-121.441388533,38.4789494
X2288,-121.398627296,38.5437640741
X2289,-121.359942652,38.6378517391
X2290,-121.520722947,38.6635421053
X2291,-121.377417815,38.6799687407
X2292,-121.379338333,38.7124518182
X2293,-121.134934738,38.6418389524
X2294,-121.277505,38.622012375
X2295,-121.304806923,38.5743054615
X2296,-121.371175875,38.56289475
X2297,-121.337537,38.6165132308
X2298,-121.316837235,38.6573154118
X2299,-121.260714579,38.6450668947
X2300,-121.318562174,38.711621913
X2301,-121.208402938,38.685004875
X2302,-121.3454446,38.4167933
X2303,-121.551436082,38.2542112588
X2304,-122.020329611,37.3620532778
X2305,-122.092442333,37.40618125
X2306,-121.362978,38.0093101579
X2307,-122.004385033,37.5079693333
X2308,-122.393696286,37.7872891905
X2309,-121.33032387,37.958135087
X2310,-121.244409,37.9365696818
X2311,-122.422863842,37.8052692632
X2312,-122.433326778,37.7910082222
X2313,-122.429552222,37.7834468889
X2314,-122.429280727,37.7718064545
X2315,-122.420357385,37.7696297692
X2316,-122.413962,37.7512786667
X2317,-122.420683526,37.7436317895
X2318,-122.436197923,37.7282852308
X2319,-122.432351615,37.7232913077
X2320,-122.416387636,37.7094264545
X2321,-122.459834278,37.7638338333
X2322,-122.45802185,37.7284793
X2323,-122.497499238,37.7424616667
X2324,-121.325899741,37.9831881852
X2325,-121.382103324,38.0274317941
X2326,-121.307438278,38.0023493889
X2327,-121.219988303,37.9893640606
X2328,-121.106553279,37.7713514302
X2329,-121.47571744,37.7848469725
X2330,-122.452988667,37.7050350667
X2331,-121.62805819,39.9207153326
X2332,-122.268127,37.859559
X2333,-121.199111444,38.6681988889
X2334,-121.372849968,38.2698073032
X2335,-121.945615478,36.9802276087
X2336,-121.983255833,38.3243270556
X2337,-122.585524833,38.0052215167
X2338,-120.909624177,37.3350548093
X2339,-122.415604629,37.535932
X2340,-122.411033846,37.7830692308
X2341,-121.860786545,37.02656504
X2342,-122.1899328,37.79403105
X2343,-122.37610631,37.735049381
X2344,-122.461522556,37.7777911111
X2345,-122.349705706,37.5766602941
X2346,-122.251741,37.8263688462
X2347,-122.255504923,37.7984475385
X2348,-122.166257,37.77123872
X2349,-122.276745769,37.8593342308
X2350,-122.284479167,37.7714941667
X2351,-122.085032893,37.72247475
X2352,-122.22423755,37.4792989
X2353,-122.089506714,37.6278940714
X2354,-121.987998,37.5779879375
X2355,-121.9749147,37.56371515
X2356,-121.890415083,37.719655875
X2357,-121.840056789,37.7259787746
X2358,-121.776592,37.6720796818
X2359,-122.292538828,38.004487069
X2360,-120.734212507,38.4025258716
X2361,-121.351298714,38.6144625714
X2362,-121.9000266,37.4079637
X2363,-122.001809435,37.3163021304
X2364,-121.425063844,36.85982475
X2365,-121.584595266,39.6934325229
X2366,-121.971271223,39.2779519612
X2367,-122.2221395,37.8865954333
X2368,-121.826413917,37.8435111171
X2369,-121.046378217,38.6958396
X2370,-122.006195226,37.3464015484
X2371,-120.574480133,38.7662241618
X2372,-122.193745634,39.5186942195
X2373,-122.005640707,39.7292984224
X2374,-121.882304824,37.4401383529
X2375,-121.943639135,37.3430590811
X2376,-121.95546752,37.2118955686
X2377,-122.086186579,37.3690025263
X2378,-122.174462567,37.4385622
X2379,-120.301737407,38.0274496222
X2380,-122.91184651,38.5130936188
X2381,-121.266710077,38.6698151538
X2382,-121.18871663,38.6871406667
X2383,-121.214210318,38.5726654848
X2384,-121.364362429,38.3948287857
X2385,-121.3915831,38.44883065
X2386,-121.2970856,38.36241645
X2387,-122.267758515,38.1368120909
X2388,-122.1666836,38.0757688667
X2389,-121.9501423,38.3575077
X2390,-121.75454,36.9114343043
X2391,-122.966261917,39.0477055677
X2392,-122.879434629,38.977608567
X2393,-121.929814246,37.8912748406
X2394,-121.95384392,37.5838714
X2395,-121.992732833,37.529266
X2396,-121.924484,37.4900426667
X2397,-120.575505946,38.7129779833
X2398,-121.808717366,38.4645274155
X2399,-122.537856958,38.3860332977
X2400,-122.666137393,38.2093845738
X2401,-122.256195893,37.8846440357
X2402,-121.745526585,37.3112155472
X2403,-122.248955421,37.8620513158
X2404,-122.56639285,38.0627971
X2405,-122.565049695,37.9638962203
X2406,-122.431125846,37.8622683333
X2407,-121.893988609,37.3045975217
X2408,-121.841593187,37.3242465
X2409,-121.894538273,37.6927846364
X2410,-121.626445084,39.8159638764
X2411,-121.3958664,38.5931809
X2412,-121.374251846,38.6346310769
X2413,-122.168603962,40.0835921908
X2414,-121.780888882,37.6864498235
X2415,-122.271898473,38.3904475934
X2416,-121.8733235,37.9808145
X2417,-120.381421578,36.7932111778
X2418,-122.361650368,37.9396115789
X2419,-121.649931963,39.3536835
X2420,-122.343811893,37.9911542143
X2421,-122.227879516,37.8224170968
X2422,-122.061548525,37.722644175
X2423,-122.083050192,37.6844281923
X2424,-122.137795318,37.6696262273
X2425,-120.9470555,37.5874030625
X2426,-120.875489788,37.6156426061
X2427,-120.857169667,37.525751
X2428,-121.605400625,39.0959718542
X2429,-122.312844053,38.3326833684
X2430,-122.272453973,38.2705309459
X2431,-122.061165333,37.6436759167
X2432,-121.069625224,39.1466581711
X2433,-121.008683972,39.1605989174
X2434,-122.282172667,37.8119287778
X2435,-122.234991,37.8356269259
X2436,-122.235142,37.788113
X2437,-122.202868533,37.7880246
X2438,-122.159511345,37.7876544727
X2439,-122.045414733,38.2456388
X2440,-121.542326714,39.1334218571
X2441,-122.425320786,37.7734905714
X2442,-122.418842167,37.7522731667
X2443,-122.387902105,37.7605479474
X2444,-121.29475535,37.90579755
X2445,-121.286252182,38.1490198182
X2446,-121.120896525,37.733984875
X2447,-121.244449536,37.8407803929
X2448,-122.256154029,37.5280472571
X2449,-121.194653237,38.7272708947
X2450,-121.113309611,38.9519201667
X2451,-122.479637684,37.7001953158
X2452,-122.460847704,37.655670037
X2453,-122.372717788,37.5667561731
X2454,-122.317781733,37.5525686
X2455,-122.267221929,37.5071670714
X2456,-122.180167333,37.4569852917
X2457,-121.761524583,38.66782525
X2458,-122.46494484,37.5234137733
X2459,-120.757968366,37.3652479268
X2460,-122.407975059,37.8022887647
X2461,-120.203440038,39.1141077788
X2462,-121.327661667,38.9068512917
X2463,-122.467994571,37.7272205357
X2464,-122.506582733,37.7562395333
X2465,-122.39369563,37.7133344444
X2466,-122.390475179,37.7444900714
X2467,-121.350421481,37.966902037
X2468,-122.712596938,38.4416330625
X2469,-122.701142418,38.4796273469
X2470,-122.760418067,38.4703840667
X2471,-122.72491729,38.3914106774
X2472,-120.85630555,37.0645814
X2473,-120.931368733,37.737179
X2474,-121.002569846,37.6798233077
X2475,-120.943007933,37.678264
X2476,-121.6313522,36.67686265
X2477,-121.673013889,36.6603895
X2478,-121.922711571,36.5474226429
X2479,-121.896964379,36.6007332414
X2480,-121.9493162,37.7731438571
X2481,-120.849418202,38.7547915851
X2482,-122.109506111,37.9988215556
X2483,-122.071981086,37.9333623143
X2484,-121.9801542,37.9552605667
X2485,-122.067527545,37.9245759697
X2486,-122.011684404,37.8777564043
X2487,-122.268172094,37.9684368491
X2488,-121.8049488,37.2628994
X2489,-121.91235265,37.43726055
X2490,-122.075347806,37.3144056119
X2491,-120.940127677,37.6500907097
X2492,-121.2848481,37.91712565
X2493,-121.340637711,38.0060622632
X2494,-121.33410425,38.0170379643
X2495,-122.448253,37.77437275
X2496,-122.436879692,37.7597634615
X2497,-122.413016438,37.7368024375
X2498,-122.432077087,37.7113278261
X2499,-122.457113267,37.722086
X2500,-121.277952625,37.889749425
X2501,-121.202027548,37.8004357097
X2502,-122.43443041,37.7029175385
X2503,-122.460594435,37.6465491739
X2504,-122.50319605,37.5900256333
X2505,-122.425308227,37.6338058182
X2506,-121.651472176,36.6934852941
X2507,-121.831552462,36.6185339231
X2508,-121.170244868,38.7976927105
X2509,-121.421627647,38.616943
X2510,-122.330176348,37.553204913
X2511,-122.252954688,37.489783
X2512,-122.241424129,37.5398470323
X2513,-122.14270576,37.45799576
X2514,-121.816931367,37.2730498333
X2515,-121.8442055,37.2401221
X2516,-121.602677514,37.1349170541
X2517,-121.460335125,38.5333186875
X2518,-121.429133125,38.67828125
X2519,-122.194808148,37.7992116667
X2520,-122.053117778,37.6878332222
X2521,-121.902657,37.2493810833
X2522,-121.789167176,37.3206357647
X2523,-121.802819765,37.3492839412
X2524,-121.820660783,37.368925087
X2525,-121.991950389,37.4008127222
X2526,-121.945205955,37.4061709091
X2527,-121.568600679,37.1034263211
X2528,-122.096392437,37.0973509272
X2529,-121.922966192,36.9777518077
X2530,-122.157101231,37.7613676154
X2531,-121.957213306,37.7082695278
X2532,-121.944062658,37.7939488947
X2533,-122.028118353,37.5341827059
X2534,-121.70684895,37.95734805
X2535,-121.957743529,37.3084101765
X2536,-122.106133053,37.3921886842
X2537,-122.286684208,38.1084174717
X2538,-122.104290933,38.2133276
X2539,-122.313888207,37.934167931
X2540,-122.198398984,38.0372775079
X2541,-122.002554292,38.2598235417
X2542,-121.997181667,38.3617381111
X2543,-122.695561958,38.3230833333
X2544,-122.674794976,38.469265619
X2545,-122.73826215,38.45201575
X2546,-122.854676165,38.5232537391
X2547,-120.769318383,37.7635298982
X2548,-121.02398385,37.66453425
X2549,-120.991393952,37.637713381
X2550,-120.671627691,37.6199728889
X2551,-120.857861136,37.4847875
X2552,-121.66917225,39.1342657083
X2553,-122.560991093,38.0778495116
X2554,-122.507570176,37.8936374706
X2555,-120.459758158,37.2973265789
X2556,-120.853333381,37.0787
X2557,-121.686647393,36.8919977619
X2558,-121.295386862,38.7361374483
X2559,-121.350848176,38.7851205882
X2560,-121.268940833,38.8104537778
X2561,-121.317668536,38.8760645357
X2562,-121.622513313,36.7960509552
X2563,-121.826407431,36.5328268103
X2564,-121.707412844,36.8094098182
X2565,-122.230241671,38.3265850588
X2566,-121.168114259,38.9805498705
X2567,-121.171791171,39.2414237928
X2568,-121.505840733,38.5693320667
X2569,-121.469522267,38.5344695333
X2570,-121.5223053,38.4764958333
X2571,-121.467784095,38.4105667143
X2572,-120.4972118,37.3356583333
X2573,-121.741562183,38.5886180481
X2574,-121.756044857,38.552768
X2575,-121.357381308,38.6200837692
X2576,-121.486201733,38.6089366333
X2577,-121.335139048,38.7144848095
X2578,-121.319540304,38.6147704783
X2579,-121.282921,38.7037711111
X2580,-121.13237865,38.69810285
X2581,-121.281765283,38.5545716957
X2582,-122.399123455,37.5892010909
X2583,-121.284433036,38.5857896071
X2584,-121.331635468,38.4978671915
X2585,-121.297905769,38.2473728462
X2586,-121.411672448,36.8330472537
X2587,-121.138173336,38.4826934745
X2588,-122.037057214,38.2781257857
X2589,-122.008808187,38.3696505
X2590,-122.629598432,38.2313550811
X2591,-122.043894595,37.6672364865
X2592,-121.9681122,37.5421114
X2593,-121.911199293,37.6662686585
X2594,-121.893111,37.3942973
X2595,-121.972695938,37.3612743125
X2596,-121.9838144,37.2435457
X2597,-122.268407857,37.8177481429
X2598,-123.222195361,39.327779488
X2599,-121.460733143,38.5190325
X2600,-121.25101405,38.795394
X2601,-122.450765929,37.7654723571
X2602,-121.393740111,38.6052142778
X2603,-122.131900222,37.7407823111
X2604,-120.928088769,37.7257676923
X2605,-122.487518861,37.8508201944
X2606,-122.444770583,37.8036434167
X2607,-122.175982222,37.4296858889
X2608,-121.7624712,37.9473029714
X2609,-121.348542867,38.700245
X2610,-121.48102745,36.3385902029
X2611,-122.13389,37.7144304444
X2612,-122.295046379,37.968285
X2613,-122.293377727,37.5618990909
X2614,-122.466542792,37.739172
X2615,-120.24991954,40.2416278742
X2616,-122.138611613,37.7623540323
X2617,-121.400451231,38.4157563077
X2618,-122.309440941,37.9276438824
X2619,-121.464972978,38.4437414
X2620,-122.2784712,37.866656
X2621,-121.706347733,37.9893860667
X2622,-122.403859588,37.7737234706
X2623,-121.969024062,37.96530375
X2624,-122.474166889,37.7630945556
X2625,-122.406317133,37.7114098
X2626,-121.303102632,38.8892744737
X2627,-121.618852,36.6796051429
X2628,-122.034820125,37.53725375
X2629,-122.37532025,37.7249683
X2630,-121.50008087,38.5448088696
X2631,-121.829981125,37.28612125
X2632,-122.299154,37.8087842
X2633,-122.172149077,37.7643083077
X2634,-122.3099184,37.8863935333
X2635,-122.082884,37.6195757647
X2636,-122.575678808,37.9783888462
X2637,-121.020611,37.6857184167
X2638,-120.562430404,38.0726492932
X2639,-122.266779118,37.5490175294
X2640,-121.6491464,36.7131784667
X2641,-120.8422925,37.5058417
X2642,-120.745156793,39.3772329836
X2643,-122.389649083,37.7213893333
X2644,-121.291136806,38.7802880556
X2645,-121.3068888,37.9611243
X2646,-122.179033278,37.7605692778
X2647,-122.08354444,37.6744852
X2648,-121.828990556,38.0039411111
X2649,-121.009046622,38.6647977568
X2650,-122.398601,37.5993521176
X2651,-121.547573,38.5021233684
X2652,-121.807416,37.331122
X2653,-121.81139975,37.2548670625
X2654,-122.532259952,37.9824165714
X2655,-121.79122025,36.6810706667
X2656,-122.037242158,37.3031765789
X2657,-121.209348286,38.6724138095
X2658,-122.090530923,37.3940632308
X2659,-121.995330962,36.973632
X2660,-122.512873409,37.8701477727
X2661,-120.499492667,37.2921516667
X2662,-121.795907429,36.6774435
X2663,-123.21698757,40.304721209
X2664,-120.444403103,37.9375937649
X2665,-121.978612111,37.540596
X2666,-121.708053357,37.9312256429
X2667,-121.279016917,37.9835217917
X2668,-121.602228939,39.5189978788
X2669,-121.776188783,37.9795988696
X2670,-121.856015083,37.3692049167
X2671,-121.770389188,37.969120375
X2672,-121.957809867,38.3435784
X2673,-122.407990789,37.7441743158
X2674,-121.34777875,38.0318973
X2675,-122.258198875,37.5648879375
X2676,-121.7578469,37.29527455
X2677,-121.981658824,37.2919875294
X2678,-122.721362364,38.4207242273
X2679,-120.828638687,37.4991390625
X2680,-121.380973267,38.7096012
X2681,-120.50765728,39.9541676434
X2682,-122.586858843,38.1307242941
X2683,-120.606111926,37.3327918889
X2684,-121.242455478,36.3280973043
X2685,-120.787747833,37.43260125
X2686,-122.05832625,37.5362106875
X2687,-121.829260562,37.28058125
X2688,-121.998146355,37.9209857742
X2689,-122.059391154,38.2528326923
X2690,-121.040973769,37.6862519231
X2691,-122.410617379,37.6069512759
X2692,-121.4135805,38.5850445
X2693,-121.312219471,38.5927327647
X2694,-122.431029889,37.7879775556
X2695,-122.490628091,37.746474
X2696,-121.279925545,38.1221674545
X2697,-122.2408845,37.4939607857
X2698,-121.294489,38.8042802593
X2699,-121.438372765,38.4165614118
X2700,-122.437818211,37.6451353158
X2701,-121.712769373,37.055097433
X2702,-122.70156965,38.3339765
X2703,-121.008470824,37.6374744706
X2704,-120.227364539,38.1717342311
X2705,-121.553817846,38.5413335385
X2706,-121.466919519,38.3946623704
X2707,-121.221935842,37.8199523684
X2708,-122.441148647,37.6626881471
X2709,-121.563388913,38.567786
X2710,-121.243640444,38.829311963
